final_rank,player,position,school,model_pred,consensus_rank,final_score,pff_grade_3yr,visit_count,top30_visit_flag,market_consensus_score,confidence_tier,new_gm_flag,trade_risk_flag,positional_value_tension,model_consensus_divergence,model_consensus_divergence_flag
1,Fernando Mendoza,QB,Indiana,14.99338207007213,1,7.889713654352214,91.6,2,1,0.9710964498900408,HIGH,1,0.15,0,13.99338207007213,0
2,Sonny Styles,LB,Ohio State,66.6741543597978,3,15.516913725703741,88.6,2,1,0.8529688972667295,MEDIUM,0,0.15,0,63.6741543597978,1
3,Rueben Bain,EDGE,Miami (FL),65.43661985146547,9,17.065492977719817,92.8,1,1,0.925437218556917,MEDIUM,0,0.15,0,56.436619851465466,1
4,David Bailey,EDGE,Texas Tech,105.2282370965092,3,19.664235564476385,93.3,2,1,0.9692114357524348,MEDIUM,1,0.15,0,102.2282370965092,1
5,Arvell Reese,LB,Ohio State,83.68522593398923,5,19.667574461832462,75.8,2,1,0.9701539428212378,MEDIUM,1,0.15,0,78.68522593398923,1
6,Caleb Downs,S,Ohio State,91.44469523841231,4,20.826611230883643,87.5,1,1,0.9644989004084196,MEDIUM,0,0.15,1,87.44469523841231,1
7,Olaivavega Ioane,IOL,Penn State,66.71966446440138,11,21.107949669660208,80.0,1,1,0.8426013195098963,MEDIUM,0,0.3,0,55.719664464401376,1
8,Spencer Fano,OT,Utah,31.709197898633555,13,22.203468672643407,83.9,1,1,0.8473138548539114,HIGH,0,0.3,0,18.709197898633555,0
9,Jeremiyah Love,RB,Notre Dame,118.4192086107896,2,24.13966077727055,93.1,1,1,0.9682689286836318,MEDIUM,1,0.15,1,116.4192086107896,1
10,Dillon Thieneman,S,Oregon,62.71227294526773,17,25.76843929123669,91.0,2,1,0.8407163053722903,MEDIUM,0,0.3,0,45.71227294526773,1
11,Francis Mauigoa,OT,Miami (FL),83.43603458092555,10,28.133578517746127,82.6,1,1,0.8520263901979265,MEDIUM,0,0.15,0,73.43603458092555,1
12,Mansoor Delane,CB,LSU,103.03954439968874,8,28.195332457583145,90.5,2,1,0.8482563619227145,MEDIUM,0,0.15,0,95.03954439968874,1
13,Makai Lemon,WR,USC,53.23098453573056,12,28.776051755454077,90.8,2,1,0.8463713477851083,MEDIUM,0,0.3,0,41.23098453573056,1
14,Monroe Freeling,OT,Georgia,55.02385822749737,20,31.315055775882293,72.3,2,1,0.9597863650644044,MEDIUM,1,0.3,0,35.02385822749737,1
15,Carnell Tate,WR,Ohio State,100.92822026802388,7,31.680637115298076,88.6,2,1,0.927322232694523,MEDIUM,0,0.15,0,93.92822026802388,1
16,Akheem Mesidor,EDGE,Miami (FL),95.5770448104395,21,32.79655672156592,92.5,3,1,0.8378887841658812,MEDIUM,0,0.3,0,74.5770448104395,1
17,Keldric Faulk,EDGE,Auburn,98.56482992144444,20,33.084724488216665,75.8,1,1,0.8388312912346843,MEDIUM,0,0.3,0,78.56482992144444,1
18,Ty Simpson,QB,Alabama,15.496234638025015,34,33.239576735248896,,2,1,0.825636192271442,HIGH,0,0.25,0,18.503765361974985,0
19,Caleb Lomu,OT,Utah,33.57497574376677,25,33.492611556382585,,2,1,0.8341187558906691,HIGH,0,0.46,0,8.574975743766771,0
20,Kenyon Sadiq,TE,Oregon,118.62475830726623,14,34.211462323076994,70.4,2,1,0.8416588124410932,MEDIUM,0,0.3,0,104.62475830726623,1
21,Kadyn Proctor,OT,Alabama,64.92410325678179,22,36.00276282643926,,1,1,0.8397737983034872,MEDIUM,0,0.3,0,42.92410325678179,1
22,Jordyn Tyson,WR,Arizona State,78.19178786278844,21,39.420172254512764,82.9,2,1,0.8435438265786993,MEDIUM,0,0.3,0,57.191787862788445,1
23,Emmanuel McNeil-Warren,S,Toledo,156.0988159089991,16,40.36817897680838,91.9,2,1,0.8360037700282752,MEDIUM,0,0.3,0,140.0988159089991,1
24,Peter Woods,DL,Clemson,85.72289064506612,29,41.05295845251846,,1,1,0.8303487276154571,MEDIUM,0,0.46,0,56.722890645066116,1
25,Omar Cooper Jr.,WR,Indiana,81.0417267520759,22,41.41766308790587,87.4,1,1,0.9131846266624776,MEDIUM,0,0.3,0,59.0417267520759,1
26,Kayden McDonald,DL,Ohio State,54.587987204930776,31,41.50092101723778,,2,1,1.0,MEDIUM,0,0.46,0,23.587987204930776,0
27,T.J. Parker,EDGE,Clemson,115.12910513882102,28,42.069365770823154,,1,1,0.8312912346842601,MEDIUM,0,0.46,0,87.12910513882102,1
28,Chase Bisontis,IOL,Texas A&M,47.77855874778184,40,42.53356762433455,,1,1,0.9915174363807728,HIGH,0,0.25,0,7.778558747781837,0
29,Zion Young,EDGE,Missouri,57.47077402710739,37,43.221232208132214,,2,1,0.994344957587182,MEDIUM,0,0.25,0,20.47077402710739,0
30,Blake Miller,OT,Clemson,117.93214340418793,24,45.59534010185139,78.5,1,1,0.8350612629594721,MEDIUM,0,0.46,0,93.93214340418793,1
31,Jermod McCoy,CB,Tennessee,110.60075052755496,28,46.12951337676307,,2,1,0.8444863336475023,MEDIUM,0,0.46,0,82.60075052755496,1
32,Avieon Terrell,CB,Clemson,122.31914872126781,30,48.58727310582,83.5,2,1,0.829406220546654,MEDIUM,0,0.46,0,92.31914872126781,1
33,Colton Hood,CB,Tennessee,68.37614959930053,35,50.56812894970355,,2,1,0.996229971724788,MEDIUM,0,0.25,0,33.37614959930053,1
34,Christen Miller,DL,Georgia,52.26493841862531,46,51.95568510970992,,1,1,0.8143261074458059,HIGH,0,0.25,0,6.264938418625313,0
35,Denzel Boston,WR,Washington,126.9937703359704,27,52.14046962549004,,2,1,0.8322337417530631,MEDIUM,0,0.46,0,99.9937703359704,1
36,Mike Washington Jr.,RB,Arkansas,76.65160850521087,38,53.462262037215375,,1,1,0.7954759660697455,MEDIUM,0,0.25,0,38.65160850521087,1
37,KC Concepcion,WR,Texas A&M,147.50205242277562,26,54.12671193851084,,0,0,0.6616399622997172,MEDIUM,0,0.46,0,121.50205242277562,1
38,Chris Johnson,CB,San Diego State,88.35595223874674,38,58.90257959606568,,1,1,0.9934024505183788,MEDIUM,0,0.25,0,50.35595223874674,1
39,Anthony Hill Jr.,LB,Texas,111.64814218068703,32,59.32923322594018,,1,1,0.8124410933081998,MEDIUM,0,0.46,0,79.64814218068703,1
40,Cashius Howell,EDGE,Texas A&M,123.02491401184362,33,61.00747420355309,,1,1,0.8265786993402451,MEDIUM,0,0.25,0,90.02491401184362,1
41,D'angelo Ponds,CB,Indiana,68.40297316185666,50,63.05764294559429,,0,0,0.6390197926484449,MEDIUM,0,0.25,0,18.402973161856664,0
42,Gabe Jacas,EDGE,Illinois,85.82646323170859,52,63.291938969512586,,2,1,0.9802073515551368,MEDIUM,0,0.25,0,33.82646323170859,1
43,Dani Dennis-Sutton,EDGE,Penn State,57.54183291109343,70,64.6529164555467,,1,1,0.7917059377945335,MEDIUM,0,0.25,0,12.45816708890657,0
44,Max Iheanachor,OT,Arizona State,116.14443141714945,35,65.93890777216343,,1,1,0.827521206409048,MEDIUM,0,0.25,0,81.14443141714945,1
45,Brandon Cisse,CB,South Carolina,108.95549769251114,43,69.13925516520543,,1,1,0.8171536286522149,MEDIUM,0,0.25,0,65.95549769251114,1
46,Malachi Lawrence,EDGE,UCF,134.5152893135039,42,70.80458679405116,,1,1,0.9896324222431668,MEDIUM,0,0.25,0,92.5152893135039,1
47,Treydan Stukes,CB,Arizona,80.27185378303327,56,71.00683276643294,,2,1,0.8049010367577757,MEDIUM,0,0.25,0,24.271853783033265,0
48,Lee Hunter,DL,Texas Tech,109.72749818258346,49,71.56029240307927,,1,1,0.8114985862393969,MEDIUM,0,0.25,0,60.72749818258346,1
49,R Mason Thomas,EDGE,Oklahoma,125.46447125998127,47,71.71434137799437,,1,1,0.8133836003770029,MEDIUM,0,0.25,0,78.46447125998127,1
50,Jacob Rodriguez,LB,Texas Tech,124.00771074962384,45,72.29645261808798,,3,1,0.8152686145146089,MEDIUM,0,0.25,0,79.00771074962384,1
51,Chris Bell,WR,Louisville,72.55183959571596,53,72.46191227821498,,1,1,0.8077285579641847,MEDIUM,0,0.25,0,19.55183959571596,0
52,Josiah Trotter,LB,Missouri,76.82681971382951,62,74.55133524310257,,2,1,0.7992459943449576,MEDIUM,0,0.25,0,14.826819713829508,0
53,C.J. Allen,LB,Georgia,163.96875302216634,36,75.24541647838397,75.8,0,0,0.6522148916116871,MEDIUM,0,0.25,0,127.96875302216634,1
54,Derrick Moore,EDGE,Michigan,89.01608879970756,61,76.35004439985379,,2,1,0.8001885014137605,MEDIUM,0,0.25,0,28.01608879970756,0
55,Emmanuel Pregnon,IOL,Oregon,155.6123543584837,41,76.40870630754512,,1,1,0.819038642789821,MEDIUM,0,0.25,0,114.61235435848371,1
56,Caleb Banks,DL,Florida,159.99476519239448,39,78.7229544134769,,2,1,0.820923656927427,MEDIUM,0,0.25,0,120.99476519239448,1
57,Max Klare,TE,Ohio State,75.20223609224115,71,81.12012177027259,,2,1,0.9622997172478792,MEDIUM,0,0.25,0,4.202236092241151,0
58,Keylan Rutledge,IOL,Georgia Tech,143.6736458258668,57,81.97609374776005,,2,1,0.8039585296889727,MEDIUM,0,0.25,0,86.6736458258668,1
59,Elijah Sarratt,WR,Indiana,55.847354655095494,73,83.1507397645952,,1,1,0.7888784165881244,MEDIUM,0,0.25,0,17.152645344904506,0
60,A.J. Haulcy,S,LSU,130.68400485259113,59,85.09231419983199,,1,1,0.8020735155513665,MEDIUM,0,0.25,0,71.68400485259113,1
61,Chris Brazzell,WR,Tennessee,111.83431111295018,54,85.20318883526261,,1,1,0.8067860508953818,MEDIUM,0,0.25,0,57.834311112950175,1
62,Keionte Scott,CB,Miami (FL),88.63588838087581,64,85.58098546664564,,2,1,0.7973609802073515,MEDIUM,0,0.25,0,24.635888380875812,0
63,Connor Lew,IOL,Auburn,101.66916418239906,68,86.53458209119954,,1,1,0.7935909519321395,MEDIUM,0,0.25,0,33.66916418239906,1
64,Eli Stowers,TE,Vanderbilt,150.95843900200444,51,86.90066113625981,,1,1,0.8096135721017909,MEDIUM,0,0.25,0,99.95843900200444,1
65,Jadarian Price,RB,Notre Dame,170.916562574306,44,87.05442620650912,,1,1,0.8162111215834119,MEDIUM,0,0.25,0,126.916562574306,1
66,Jalen Farmer,IOL,Kentucky,75.56350158161773,103,87.66627602805153,,1,1,0.7606032045240341,MEDIUM,0,0.25,0,27.43649841838227,0
67,Malachi Fields,WR,Notre Dame,75.86381564609223,72,89.23083515821621,,1,1,0.7898209236569275,MEDIUM,0,0.25,0,3.8638156460922346,0
68,Brian Parker II,OT,Duke,48.17268611993636,114,90.43267930447686,,0,0,0.5786993402450518,LOW,0,0.25,0,65.82731388006364,1
69,Keyron Crawford,EDGE,Auburn,88.71166921908244,92,92.65583460954122,,1,1,0.7709707822808671,MEDIUM,0,0.25,0,3.288330780917562,0
70,Gracen Halton,DL,Oklahoma,101.93228079749231,76,95.70073762468738,,1,1,0.9575871819038642,MEDIUM,0,0.25,0,25.93228079749231,0
71,Joshua Josephs,EDGE,Tennessee,105.14077340558569,83,96.14538670279285,,1,1,0.7794533459000943,MEDIUM,0,0.25,0,22.14077340558569,0
72,Domonique Orange,DL,Iowa State,115.15749088352051,67,97.01582457515582,,1,1,0.7945334590009425,MEDIUM,0,0.25,0,48.15749088352051,1
73,Parker Brailsford,IOL,Alabama,76.51801073492047,170,97.41440858793638,,2,1,0.6974552309142318,MEDIUM,0,0.25,0,93.48198926507953,1
74,Daylen Everette,CB,Georgia,71.95469527676835,105,97.54251778229265,,2,1,0.9302544769085768,MEDIUM,0,0.25,0,33.04530472323165,1
75,Jake Golday,LB,Cincinnati,183.69249227249438,55,98.33058471788266,,1,1,0.8058435438265787,MEDIUM,0,0.25,0,128.69249227249438,1
76,Germie Bernard,WR,Alabama,144.47120952270296,58,98.6463987656979,,2,1,0.9745523091423186,MEDIUM,0,0.25,0,86.47120952270296,1
77,Sam Hecht,IOL,Kansas State,115.73900675164147,81,98.77450337582074,,1,1,0.7813383600377003,MEDIUM,0,0.25,0,34.73900675164147,1
78,Logan Fano,EDGE,Utah,58.437021674454265,248,99.14961733956342,,0,0,0.4524033930254477,LOW,0,0.25,0,189.56297832554574,1
79,Chris McClellan,DL,Missouri,75.29386183294666,119,99.1523223308117,,2,1,0.7455230914231857,MEDIUM,0,0.25,0,43.70613816705334,1
80,Jalon Kilgore,S,South Carolina,94.79570342292324,90,99.15285287127081,,1,1,0.7728557964184731,MEDIUM,0,0.25,0,4.795703422923239,0
81,Keith Abney II,CB,Arizona State,111.43595772524161,69,100.61869523853225,,0,0,0.6211121583411875,MEDIUM,0,0.25,0,42.43595772524161,1
82,Kamari Ramsey,S,USC,104.68173311931241,87,102.33206033109843,,2,1,0.947219604147031,MEDIUM,0,0.25,0,17.681733119312412,0
83,Romello Height,EDGE,Texas Tech,127.06563504800815,74,102.38281752400408,,1,1,0.7879359095193214,MEDIUM,0,0.25,0,53.06563504800815,1
84,Billy Schrauth,IOL,Notre Dame,87.75020560999134,128,102.73763364649437,,1,1,0.7370405278039585,MEDIUM,0,0.25,0,40.24979439000866,1
85,Gennings Dunker,OT,Iowa,170.0394362719891,60,104.4557733151461,,0,0,0.6295947219604147,MEDIUM,0,0.25,0,110.0394362719891,1
86,Malik Muhammad,CB,Texas,89.30563120277758,93,104.89217245587815,,1,1,0.7700282752120642,MEDIUM,0,0.25,0,3.694368797222424,0
87,Rayshaun Benny,DL,Michigan,76.03926605847425,141,105.63683507740463,,1,1,0.7247879359095193,MEDIUM,0,0.25,0,64.96073394152575,1
88,Jude Bowry,OT,Boston College,69.37259452540766,125,106.78160427440837,,2,1,0.7398680490103675,MEDIUM,0,0.25,0,55.62740547459234,1
89,Caleb Tiernan,OT,Northwestern,125.62898272230801,65,107.41777302339086,,2,1,0.7964184731385485,MEDIUM,0,0.25,0,60.62898272230801,1
90,Zachariah Branch,WR,Georgia,121.15451506303239,63,108.04996894979001,,2,1,0.7983034872761545,MEDIUM,0,0.25,0,58.15451506303239,1
91,Bud Clark,S,TCU,115.45682012190042,88,108.10462363588553,,1,1,0.7747408105560792,MEDIUM,0,0.25,0,27.45682012190042,0
92,Harold Perkins,LB,LSU,83.88185544214616,131,108.66018246673018,,2,1,0.7342130065975494,MEDIUM,0,0.25,0,47.11814455785384,1
93,Julian Neal,CB,Arkansas,99.63901532000156,95,108.80403720778925,,2,1,0.7681432610744581,MEDIUM,0,0.25,0,4.639015320001562,0
94,Caden Curry,EDGE,Ohio State,86.11606397206151,143,108.82544158183997,,0,0,0.5513666352497644,LOW,0,0.25,0,56.88393602793849,1
95,Davison Igbinosun,CB,Ohio State,117.66873961612853,78,109.28231500060097,,1,1,0.7841658812441094,MEDIUM,0,0.25,0,39.66873961612853,1
96,Genesis Smith,S,Arizona,111.35651274954192,96,110.39301397452816,,1,1,0.7672007540056551,MEDIUM,0,0.25,0,15.35651274954192,0
97,Jaishawn Barham,LB,Michigan,123.2418877198711,84,110.5820040605771,,2,1,0.7785108388312912,MEDIUM,0,0.25,0,39.2418877198711,1
98,Darrell Jackson Jr.,DL,Florida State,123.51425365804039,85,111.53424214750709,,2,1,0.7775683317624883,MEDIUM,0,0.25,0,38.51425365804039,1
99,L.T. Overton,EDGE,Alabama,111.90825263151345,110,114.04036421048374,,0,0,0.5824693685202639,LOW,0,0.25,0,1.9082526315134487,0
100,Jonah Coleman,RB,Washington,118.39177392776445,91,116.17731029374079,,2,1,0.7719132893496702,MEDIUM,0,0.25,0,27.391773927764447,0
101,Kyle Louis,LB,Pittsburgh,143.81947772755578,77,116.79071071436599,,2,1,0.6135721017907634,MEDIUM,0,0.25,0,66.81947772755578,1
102,Max Llewellyn,EDGE,Iowa,95.55661409229758,150,117.41179915999344,,0,0,0.5447690857681433,LOW,0,0.25,0,54.44338590770242,1
103,Grayson Loftis,QB,Charlotte,-2.645842336921092,542,118.06009199006662,,0,0,0.1753063147973609,LOW,0,,0,544.6458423369211,1
104,Logan Jones,IOL,Iowa,139.21264773366192,97,118.88232386683097,,0,0,0.5947219604147032,MEDIUM,0,0.25,0,42.212647733661925,1
105,Robert Spears-Jennings,S,Oklahoma,91.67274922170833,199,120.34704677748788,,2,1,0.6701225259189444,MEDIUM,0,0.25,0,107.32725077829167,1
106,Lorenzo Styles Jr.,CB,Ohio State,77.7662451475768,222,121.38649811213602,,1,1,0.4769085768143261,MEDIUM,0,0.25,0,144.2337548524232,1
107,Skyler Bell,WR,UConn,122.67768000735143,82,122.06271835761942,,1,1,0.7803958529688972,MEDIUM,0,0.25,0,40.67768000735143,1
108,Josh Cameron,WR,Baylor,83.56656575607157,154,123.30676279259349,,1,1,0.7125353440150801,MEDIUM,0,0.25,0,70.43343424392843,1
109,VJ Payne,S,Kansas State,112.29744049229944,122,123.39183127220944,,0,0,0.5711592836946278,LOW,0,0.25,0,9.702559507700556,0
110,Oscar Delp,TE,Georgia,141.64925732360092,86,123.53778810232261,,2,1,0.7766258246936852,MEDIUM,0,0.25,0,55.64925732360092,1
111,Travis Burke,OT,Memphis,94.0210845444673,156,123.93730096209208,,3,1,0.7106503298774741,MEDIUM,0,0.25,0,61.9789154555327,1
112,Carson Beck,QB,Miami (FL),102.347975171752,129,123.95294972124229,,1,1,0.7360980207351554,MEDIUM,0,0.25,0,26.652024828248003,0
113,Tyler Onyedim,DL,Texas A&M,106.2545421078373,135,124.87676450949061,,2,1,0.7304429783223374,MEDIUM,0,0.25,0,28.745457892162705,0
114,Wesley Williams,DL,Duke,97.86044707552801,192,125.24966979981879,,2,1,0.6767200754005656,MEDIUM,0,0.25,0,94.13955292447199,1
115,Anthony Lucas,EDGE,USC,120.17105275290157,127,125.36118428938603,,0,0,0.5664467483506126,LOW,0,0.25,0,6.8289472470984265,0
116,Aiden Fisher,LB,Indiana,107.15298703070802,155,125.6093660539016,,0,0,0.5400565504241281,LOW,0,0.25,0,47.84701296929198,1
117,Joe Royer,TE,Cincinnati,105.35154895495569,152,125.97561060643218,,2,1,0.7144203581526861,MEDIUM,0,0.25,0,46.64845104504431,1
118,Charles Demmings,CB,Stephen F. Austin,102.96123217298643,158,126.26856025880859,,1,1,0.7087653157398681,MEDIUM,0,0.25,0,55.03876782701357,1
119,Aamil Wagner,OT,Notre Dame,84.96543135139655,209,127.09277840763548,,1,1,0.6606974552309142,MEDIUM,0,0.25,0,124.03456864860345,1
120,Domani Jackson,CB,Alabama,94.26415541288245,186,127.68482632438054,,0,0,0.5108388312912348,LOW,0,0.25,0,91.73584458711755,1
121,Antonio Williams,WR,Clemson,143.23539066248475,75,128.13282797204454,,2,1,0.7869934024505184,MEDIUM,0,0.25,0,68.23539066248475,1
122,Cole Payton,QB,North Dakota State,116.99433887288384,126,128.24554513061452,,3,1,0.7389255419415645,MEDIUM,0,0.25,0,9.005661127116156,0
123,Skyler Gill-Howard,DL,Texas Tech,89.41643082673323,238,128.29445680078294,,0,0,0.4618284637134778,LOW,0,0.25,0,148.58356917326677,1
124,Devin Moore,CB,Florida,129.41562444983467,99,128.53657919905118,,2,1,0.7643732327992461,MEDIUM,0,0.25,0,30.415624449834667,1
125,Bryce Lance,WR,North Dakota State,123.42141222195859,89,128.59733017806454,,0,0,0.6022620169651273,MEDIUM,0,0.25,0,34.42141222195859,1
126,Zakee Wheatley,S,Penn State,150.03074763163332,94,129.04165513685288,,2,1,0.7690857681432611,MEDIUM,0,0.25,0,56.03074763163332,1
127,Will Lee III,CB,Texas A&M,114.16761032905406,118,129.50724438084794,,1,1,0.7464655984919887,MEDIUM,0,0.25,0,3.8323896709459433,0
128,Garrett Nussmeier,QB,LSU,161.45692918245967,79,129.69010962031658,,2,1,0.8594617237407058,MEDIUM,0,0.25,0,82.45692918245967,1
129,Patrick Payton,EDGE,LSU,85.84194042701985,293,130.0735523416159,,0,0,0.4099905749293119,LOW,0,,0,207.15805957298016,1
130,Justin Joly,TE,NC State,123.44692904049926,117,130.48487531879215,,2,1,0.7474081055607917,MEDIUM,0,0.25,0,6.446929040499256,0
131,Tacario Davis,CB,Washington,108.96111900650995,130,130.72641191820816,,1,1,0.7351555136663525,MEDIUM,0,0.25,0,21.038880993490054,0
132,Sawyer Robertson,QB,Baylor,87.090242345102,253,130.74415824416042,,0,0,0.4476908576814326,LOW,0,0.25,0,165.909757654898,1
133,Deontae Lawson,LB,Alabama,128.55644775571787,112,131.64866747055177,,0,0,0.5805843543826579,LOW,0,0.25,0,16.55644775571787,0
134,Jack Pyburn,EDGE,LSU,92.81405109150828,273,131.6512408732066,,0,0,0.4288407163053723,LOW,0,,0,180.18594890849172,1
135,Zxavian Harris,DL,Mississippi,127.96905465925053,120,132.1411976679092,,2,1,0.7445805843543827,MEDIUM,0,0.25,0,7.969054659250531,0
136,Michael Trigg,TE,Baylor,120.64439533818827,121,132.66322841229,,0,0,0.5721017907634307,LOW,0,0.25,0,0.355604661811725,0
137,George Gumbs Jr.,EDGE,Florida,115.90385336906024,188,133.12308269524817,,0,0,0.5089538171536286,LOW,0,0.25,0,72.09614663093976,1
138,DeMonte Capehart,DL,Clemson,114.92263436216098,142,133.261024474801,,1,1,0.7238454288407162,MEDIUM,0,0.25,0,27.077365637839023,0
139,Chandler Rivers,CB,Duke,129.0949796968802,102,133.71577328568034,,1,1,0.761545711592837,MEDIUM,0,0.25,0,27.094979696880188,0
140,Jake Retzlaff,QB,Tulane,28.892753370541143,496,134.8909685560364,,0,0,0.2186616399622997,LOW,0,,0,467.10724662945887,1
141,Taurean York,LB,Texas A&M,114.2195899697365,149,134.9797099096639,,1,1,0.7172478793590952,MEDIUM,0,0.25,0,34.780410030263496,1
142,Ephesians Prysock,CB,Washington,115.26812628681535,140,135.92818548961375,,2,1,0.7257304429783223,MEDIUM,0,0.25,0,24.731873713184655,0
143,Jadon Canady,CB,Oregon,112.67004042935392,157,136.30953433755772,,1,1,0.7097078228086711,MEDIUM,0,0.25,0,44.32995957064608,1
144,Zane Durant,DL,Penn State,122.36339048602028,138,136.39751595530953,,2,1,0.7276154571159283,MEDIUM,0,0.25,0,15.636609513979721,0
145,Toriano Pride,CB,Missouri,91.38688218891582,245,136.98801551487557,,0,0,0.4552309142318567,LOW,0,0.25,0,153.61311781108418,1
146,Bryce Boettcher,LB,Oregon,121.83747193346616,148,137.58133318608816,,1,1,0.7181903864278982,MEDIUM,0,0.25,0,26.162528066533838,0
147,Joe Fagnano,QB,UConn,90.91842018124686,265,138.29111971658938,,1,1,0.6079170593779454,MEDIUM,0,,0,174.08157981875314,1
148,Michael Taaffe,S,Texas,123.2788366082741,162,138.49783664942376,,2,1,0.704995287464656,MEDIUM,0,0.25,0,38.721163391725895,1
149,Nick Barrett,DL,South Carolina,122.83440488889073,159,138.92883605050892,,1,1,0.7078228086710651,MEDIUM,0,0.25,0,36.16559511110927,1
150,Kage Casey,OT,Boise State,117.97141166423441,124,139.30185090827058,,0,0,0.5692742695570217,LOW,0,0.25,0,6.0285883357655905,0
151,Dalton Johnson,S,Arizona,113.11926360843283,216,139.5556135079148,,0,0,0.4825636192271441,LOW,0,0.25,0,102.88073639156717,1
152,Nadame Tucker,EDGE,Western Michigan,130.0916168841162,182,139.87329350729297,,2,1,0.6861451460885957,MEDIUM,0,0.25,0,51.908383115883794,1
153,Taylen Green,QB,Arkansas,119.60671456824964,147,140.22113032896573,,1,1,0.8906691800188502,MEDIUM,0,0.25,0,27.393285431750357,0
154,Tim Keenan III,DL,Alabama,124.7715077321879,144,140.66279216531848,,0,0,0.5504241281809613,LOW,0,0.25,0,19.2284922678121,0
155,Mikail Kamara,EDGE,Indiana,121.21902142095135,217,141.37521713676108,,2,1,0.65315739868049,MEDIUM,0,0.25,0,95.78097857904865,1
156,Aaron Graves,DL,Iowa,100.04967398869488,271,142.20105133035224,,0,0,0.4307257304429783,LOW,0,,0,170.95032601130512,1
157,Jack Kelly,LB,BYU,125.52318169335621,175,143.70552178402014,,2,1,0.8642789820923656,MEDIUM,0,0.25,0,49.47681830664379,1
158,Trey Moore,EDGE,Texas,126.18252665213247,206,144.64602132170594,,1,1,0.6635249764373232,MEDIUM,0,0.25,0,79.81747334786753,1
159,Lander Barton,LB,Utah,113.41808631696999,227,145.02144548291116,,0,0,0.472196041470311,LOW,0,0.25,0,113.58191368303001,1
160,Jakobe Thomas,S,Miami (FL),130.17887398150802,166,145.11786654801088,,1,1,0.8727615457115928,MEDIUM,0,0.25,0,35.82112601849198,1
161,Fernando Carmona,IOL,Arkansas,117.00240813466357,254,145.20192650773086,,0,0,0.4467483506126296,LOW,0,0.25,0,136.99759186533643,1
162,Micah Morris,IOL,Georgia,111.2880609647497,269,145.33044877179975,,1,1,0.6041470311027333,MEDIUM,0,,0,157.71193903525028,1
163,Kendal Daniels,S,Oklahoma,111.74817389913268,242,145.5733064821106,,1,1,0.6295947219604148,MEDIUM,0,0.25,0,130.25182610086733,1
164,Albert Regis,DL,Texas A&M,125.79681135487682,179,145.5987612232978,,0,0,0.5174363807728557,LOW,0,0.25,0,53.20318864512318,1
165,Sam Roush,TE,Stanford,150.479397644882,109,145.85597991164093,,0,0,0.5834118755890669,LOW,0,0.25,0,41.479397644882,1
166,Rene Konga,DL,Louisville,117.5911079492162,226,146.9341984987693,,1,1,0.644674835061263,MEDIUM,0,0.25,0,108.4088920507838,1
167,Mason Reiger,EDGE,Wisconsin,129.10588505170094,210,147.48470804136076,,2,1,0.6597549481621111,MEDIUM,0,0.25,0,80.89411494829906,1
168,Latrell McCutchin,CB,Houston,105.3773150285685,256,147.71968836240208,,1,1,0.6163996229971724,MEDIUM,0,0.25,0,150.6226849714315,1
169,Vincent Anthony Jr.,EDGE,Duke,125.57750196007476,223,147.86200156805978,,0,0,0.475966069745523,LOW,0,0.25,0,97.42249803992524,1
170,Andre Fuller,CB,Toledo,112.76379961567133,224,148.65604820637012,,1,1,0.646559849198869,MEDIUM,0,0.25,0,111.23620038432867,1
171,Tyreak Sapp,EDGE,Florida,135.80051534638773,191,149.34041227711018,,1,1,0.6776625824693685,MEDIUM,0,0.25,0,55.199484653612274,1
172,Pat Coogan,IOL,Indiana,131.30215234034733,211,149.44172187227787,,2,1,0.6588124410933082,MEDIUM,0,0.25,0,79.69784765965267,1
173,Brenan Vernon,DL,Notre Dame,44.70503209901103,538,149.72533781860517,,0,0,0.179076343072573,LOW,0,,0,493.294967900989,1
174,Cade Klubnik,QB,Clemson,126.50491290933161,173,150.38069618706874,,0,0,0.5230914231856738,LOW,0,0.25,0,46.49508709066839,1
175,Owen Heinecke,LB,Oklahoma,115.5752676028619,247,150.7471905116247,,0,0,0.4533459000942507,LOW,0,0.25,0,131.4247323971381,1
176,Nate Johnson,QB,Utah,28.050135018827405,576,151.01687387466538,,0,0,0.1432610744580584,LOW,0,,0,547.9498649811726,1
177,Keyshaun Elliott,LB,Arizona State,147.62941516490986,132,151.04609628652656,,0,0,0.5617342130065975,LOW,0,0.25,0,15.629415164909858,0
178,Kaytron Allen,RB,Penn State,139.28025338846635,137,151.0991134166334,,2,1,0.7285579641847313,MEDIUM,0,0.25,0,2.280253388466349,0
179,Eric Gentry,LB,USC,115.37036029001575,251,151.38326466134777,,0,0,0.4495758718190386,LOW,0,0.25,0,135.62963970998425,1
180,Deven Eastern,DL,Minnesota,111.53909986756675,268,151.99259203344974,,0,0,0.4335532516493873,LOW,0,,0,156.46090013243327,1
181,Cole Wisniewski,S,Texas Tech,125.01326168150223,229,152.08537670800627,,2,1,0.6418473138548539,MEDIUM,0,0.25,0,103.98673831849777,1
182,Dontay Corleone,DL,Cincinnati,149.48156869048634,133,152.27433178821246,,2,1,0.7323279924599434,MEDIUM,0,0.25,0,16.48156869048634,0
183,TJ Hall,CB,Iowa,130.14469742188342,171,153.18548469580122,,0,0,0.5249764373232798,LOW,0,0.25,0,40.85530257811658,1
184,Eric McAlister,WR,TCU,90.22108167022792,277,153.53037552391856,,0,0,0.4250706880301602,LOW,0,,0,186.77891832977207,1
185,Dametrious Crownover,OT,Texas A&M,170.30600180784896,100,154.07343423044267,,1,1,0.763430725730443,MEDIUM,0,0.25,0,70.30600180784896,1
186,Kaleb Proctor,DL,Southeastern Louisiana,164.80005842113252,115,154.3313501131325,,2,1,0.7492931196983977,MEDIUM,0,0.25,0,49.80005842113252,1
187,Nyjalik Kelly,EDGE,UCF,115.15371998791758,299,154.42297599033404,,1,1,0.5758718190386428,MEDIUM,0,,0,183.84628001208242,1
188,Joey Aguilar,QB,Tennessee,89.35099476402738,342,154.45756167082536,,0,0,0.3638077285579641,LOW,0,,0,252.64900523597262,1
189,Damonic Williams,DL,Oklahoma,97.29742738955521,339,154.79925405104052,,0,0,0.3666352497643732,LOW,0,,0,241.7025726104448,1
190,Drew Allar,QB,Penn State,183.88560314430376,98,154.93403211456334,,1,1,0.7653157398680491,MEDIUM,0,0.25,0,85.88560314430376,1
191,Jason Moore,DL,Ohio State,52.3849935577359,526,155.06930698558506,,0,0,0.1903864278982092,LOW,0,,0,473.6150064422641,1
192,Brandon Cleveland,DL,NC State,123.93756782168892,236,155.21136639674745,,1,1,0.6352497643732328,MEDIUM,0,0.25,0,112.06243217831108,1
193,Diego Pavia,QB,Vanderbilt,103.55251416335004,302,155.2187771902835,,2,1,0.5730442978322337,MEDIUM,0,,0,198.44748583664995,1
194,Ja'Kobi Lane,WR,USC,144.87694296010744,106,155.22352311180603,,0,0,0.5862393967954759,LOW,0,0.25,0,38.87694296010744,1
195,Kaleb Elarms-Orr,LB,TCU,153.47872769199466,134,155.24814942913167,,1,1,0.7313854853911403,MEDIUM,0,0.25,0,19.478727691994663,0
196,Lake McRee,TE,USC,103.34035830468646,304,155.3666580862168,,0,0,0.3996229971724787,LOW,0,,0,200.65964169531355,1
197,Jalen Huskey,CB,Maryland,128.7015373074244,189,155.83473184001406,,0,0,0.5080113100848257,LOW,0,0.25,0,60.29846269257561,1
198,Anez Cooper,IOL,Miami (FL),146.21727530990134,181,155.97382024792105,,0,0,0.5155513666352497,LOW,0,0.25,0,34.78272469009866,1
199,Chris Adams,IOL,Memphis,101.66428333295111,365,156.3314266663609,,0,0,0.3421300659754948,LOW,0,,0,263.33571666704887,1
200,Louis Moore,S,Indiana,136.9729997575834,202,157.4531671688712,,2,1,0.4957587181903863,MEDIUM,0,0.25,0,65.02700024241659,1
201,Markel Bell,OT,Miami (FL),155.77797117708215,108,157.67611459162163,,2,1,0.7558906691800188,MEDIUM,0,0.25,0,47.77797117708215,1
202,Ethan Burke,EDGE,Texas,123.2251732367719,288,157.7801385894175,,0,0,0.4147031102733271,LOW,0,,0,164.7748267632281,1
203,Collin Wright,CB,Stanford,121.81403735858765,228,158.12473188094467,,0,0,0.4712535344015079,LOW,0,0.25,0,106.18596264141235,1
204,Dae'Quan Wright,TE,Mississippi,123.03592490325076,250,158.42311136506822,,1,1,0.6220546654099905,MEDIUM,0,0.25,0,126.96407509674924,1
205,Beau Stephens,IOL,Iowa,158.92852875754005,151,159.54282300603205,,2,1,0.7153628652214892,MEDIUM,0,0.25,0,7.92852875754005,0
206,Jimmy Rolder,LB,Michigan,149.0928504403996,160,159.56125678165486,,2,1,0.8784165881244108,MEDIUM,0,0.25,0,10.907149559600413,0
207,Eli Raridon,TE,Notre Dame,156.81773570948064,136,159.82589965363005,,0,0,0.5579641847313854,LOW,0,0.25,0,20.817735709480644,0
208,Owen McCown,QB,UTSA,35.593575500836025,594,159.85162626027233,,0,0,0.1262959472196041,LOW,0,,0,558.406424499164,1
209,Aidan Hubbard,EDGE,Northwestern,123.62949777035443,291,159.90359821628354,,0,0,0.411875589066918,LOW,0,,0,167.37050222964558,1
210,Cole Brevard,DL,Texas,115.59622963923073,303,161.03829585078094,,0,0,0.4005655042412817,LOW,0,,0,187.40377036076927,1
211,Jake Slaughter,IOL,Florida,191.07637390360046,104,161.39964303734027,,0,0,0.5881244109330821,LOW,0,0.25,0,87.07637390360046,1
212,Cyrus Allen,WR,Cincinnati,121.20890068421568,203,161.72063073510878,,2,1,0.6663524976437323,MEDIUM,0,0.25,0,81.79109931578432,1
213,Xavier Nwankpa,S,Iowa,125.31519572504216,267,161.7269239428382,,0,0,0.4344957587181903,LOW,0,,0,141.68480427495786,1
214,Jack Endries,TE,Texas,149.62942380478557,153,161.89791048629607,,1,1,0.7134778510838832,MEDIUM,0,0.25,0,3.3705761952144258,0
215,Diego Pounds,OT,Mississippi,136.4051898073401,176,161.9445851723903,,0,0,0.5202639019792648,LOW,0,0.25,0,39.59481019265991,1
216,Bobby Jamison-Travis,DL,Auburn,106.30571076413818,343,162.20588075070688,,2,1,0.5344015080113101,MEDIUM,0,,0,236.69428923586182,1
217,Emmett Johnson,RB,Nebraska,169.99708074733664,111,162.2650511998991,,1,1,0.7530631479736097,MEDIUM,0,0.25,0,58.99708074733664,1
218,Austin Barber,OT,Florida,158.53137267919286,116,162.2713216329257,,1,1,0.7483506126295947,MEDIUM,0,0.25,0,42.531372679192856,1
219,Tanner Koziol,TE,Houston,139.37261569471073,198,162.6924639982362,,1,1,0.6710650329877474,MEDIUM,0,0.25,0,58.62738430528927,1
220,DJ Rogers,TE,TCU,109.4572228618353,318,163.06014973193587,,0,0,0.3864278982092365,LOW,0,,0,208.5427771381647,1
221,Febechi Nwaiwu,IOL,Oklahoma,154.59685164351342,187,163.27748131481073,,2,1,0.6814326107445806,MEDIUM,0,0.25,0,32.40314835648658,1
222,Justin Jefferson,LB,Alabama,149.35346559216632,183,164.36974890306823,,2,1,0.5136663524976437,MEDIUM,0,0.25,0,33.646534407833684,1
223,Anterio Thompson,DL,Washington,115.30120335842909,324,164.40227482613963,,2,1,0.5523091423185673,MEDIUM,0,,0,208.6987966415709,1
224,Cameron Ball,DL,Arkansas,134.4959624979282,240,164.75808213773888,,0,0,0.4599434495758718,LOW,0,0.25,0,105.50403750207181,1
225,Haynes King,QB,Georgia Tech,127.52409102117689,257,164.7697253945403,,2,1,0.6154571159283694,MEDIUM,0,0.25,0,129.4759089788231,1
226,Jalen Stroman,S,Notre Dame,123.53326257873198,306,165.00137742579005,,1,1,0.5692742695570215,MEDIUM,0,,0,182.46673742126802,1
227,Ar'maj Reed-Adams,IOL,Texas A&M,154.38032796891525,197,165.7042623751322,,0,0,0.5004712535344016,LOW,0,0.25,0,42.61967203108475,1
228,DeShon Singleton,S,Nebraska,131.06942975638822,264,165.73031116791506,,0,0,0.4373232799245994,LOW,0,,0,132.93057024361178,1
229,Zach Durfee,EDGE,Washington,125.55955569771052,321,165.9476445581684,,1,1,0.5551366635249764,MEDIUM,0,,0,195.44044430228948,1
230,Dallen Bentley,TE,Utah,143.59655061197202,196,165.97161193204522,,0,0,0.5014137606032045,LOW,0,0.25,0,52.40344938802798,1
231,Red Murdock,LB,Buffalo,151.12556008849475,185,165.98742450013097,,0,0,0.5117813383600377,LOW,0,0.25,0,33.87443991150525,1
232,Luke Altmyer,QB,Illinois,123.91457802319022,274,166.20842827815562,,1,1,0.4278982092365693,MEDIUM,0,,0,150.08542197680978,1
233,Logan Taylor,IOL,Boston College,149.4087109307873,234,166.52696874462984,,2,1,0.6371347785108389,MEDIUM,0,0.25,0,84.5912890692127,1
234,Trey Zuhn III,OT,Texas A&M,161.8789277694496,123,166.89173637666048,,2,1,0.7417530631479735,MEDIUM,0,0.25,0,38.878927769449604,1
235,Thaddeus Dixon,CB,North Carolina,139.52151882441325,205,167.39071705360516,,1,1,0.8360037700282752,MEDIUM,0,0.25,0,65.47848117558675,1
236,Brett Thorson,P,Georgia,133.66491039734967,279,167.49420597804811,,0,0,0.4231856738925542,LOW,0,,0,145.33508960265033,1
237,Bryson Eason,DL,Tennessee,137.05732998805314,244,167.60717612983885,,0,0,0.4561734213006598,LOW,0,0.25,0,106.94267001194686,1
238,Bravion Rogers,CB,Texas A&M,58.269419955797055,536,167.68903795871222,,0,0,0.180961357210179,LOW,0,,0,477.73058004420295,1
239,Matt Gulbin,IOL,Michigan State,162.92443715981454,174,167.93954972785164,,0,0,0.5221489161168708,LOW,0,0.25,0,11.075562840185455,0
240,Michael Heldman,EDGE,Central Michigan,146.66166544789243,259,169.62933235831395,,1,1,0.6135721017907634,MEDIUM,0,,0,112.33833455210757,1
241,Jaiden Ausberry,LB,Notre Dame,74.64021982325636,522,170.19915228794028,,0,0,0.1941564561734212,LOW,0,,0,447.35978017674364,1
242,Athan Kaliakmanis,QB,Rutgers,107.97909892470663,354,170.26004499936877,,1,1,0.5240339302544769,MEDIUM,0,,0,246.02090107529335,1
243,Keagen Trost,IOL,Missouri,169.7329971184358,161,170.4863976947486,,1,1,0.7059377945334591,MEDIUM,0,0.25,0,8.732997118435804,0
244,Wade Woodaz,LB,Clemson,130.8637286698448,289,170.77795936521102,,2,1,0.585296889726673,MEDIUM,0,,0,158.1362713301552,1
245,Landon Robinson,DL,Navy,158.018234152581,190,170.97589946146115,,2,1,0.6786050895381716,MEDIUM,0,0.25,0,31.981765847419013,1
246,Hezekiah Masses,CB,California,162.93730015772118,145,171.1327470965933,,2,1,0.7210179076343073,MEDIUM,0,0.25,0,17.937300157721182,0
247,Bryan Thomas Jr.,EDGE,South Carolina,128.13797656232512,338,171.7103812498601,,0,0,0.3675777568331762,LOW,0,,0,209.86202343767488,1
248,Jager Burton,IOL,Kentucky,169.27817772563424,169,171.7225421805074,,1,1,0.6983977379830348,MEDIUM,0,0.25,0,0.2781777256342366,0
249,Quintayvious Hutchins,EDGE,Boston College,152.24927036752064,246,171.79941629401648,,0,0,0.4542884071630537,LOW,0,0.25,0,93.75072963247936,1
250,Zion Branch,S,Georgia,67.1354251256918,558,172.1831074633579,,0,0,0.1602262016965127,LOW,0,,0,490.86457487430823,1
251,Deion Burks,WR,Oklahoma,172.8779087277949,101,173.37415086080287,,1,1,0.7624882186616401,MEDIUM,0,0.25,0,71.8779087277949,1
252,Riley Nowakowski,TE,Indiana,149.22263179882333,213,173.8724768815263,,0,0,0.4853911404335532,LOW,0,0.25,0,63.77736820117667,1
253,Karson Sharar,LB,Iowa,138.86856610540073,270,173.98182931365574,,0,0,0.4316682375117813,LOW,0,,0,131.13143389459927,1
254,Jordan van den Berg,DL,Georgia Tech,148.19651195539808,241,174.11852170371483,,2,1,0.8020735155513665,MEDIUM,0,0.25,0,92.80348804460192,1
255,Enrique Cruz Jr.,OT,Kansas,126.1125362309102,275,174.14437159145373,,0,0,0.4269557021677662,LOW,0,,0,148.8874637690898,1
256,Chip Trayanum,RB,Toledo,129.0830887552306,307,175.28341971831478,,2,1,0.5683317624882186,MEDIUM,0,,0,177.9169112447694,1
257,Will Kacmarek,TE,Ohio State,155.58580161823116,201,176.26301273705252,,1,1,0.6682375117813383,MEDIUM,0,0.25,0,45.41419838176884,1
258,Brenen Thompson,WR,Mississippi State,171.70989198174553,113,176.51493997587082,,2,1,0.7511781338360037,MEDIUM,0,0.25,0,58.70989198174553,1
259,Ahmaad Moses,S,SMU,127.16347277993171,336,177.00554558674983,,0,0,0.3694627709707822,LOW,0,,0,208.8365272200683,1
260,Dayon Hayes,EDGE,Texas A&M,123.12034869800794,386,177.29627895840636,,0,0,0.3223374175306315,LOW,0,,0,262.87965130199206,1
261,Bishop Fitzgerald,S,USC,158.53776870001386,212,177.30498232281556,,0,0,0.4863336475023562,LOW,0,0.25,0,53.46223129998614,1
262,De'Zhaun Stribling,WR,Mississippi,178.36350655367107,107,177.43978944762242,,1,1,0.7568331762488218,MEDIUM,0,0.25,0,71.36350655367107,1
263,Jaylon Guilbeau,CB,Texas,118.38952875961786,341,177.98512500176884,,0,0,0.3647502356267671,LOW,0,,0,222.61047124038214,1
264,Jeremiah Wright,IOL,Auburn,178.0473300268489,168,178.2378640214791,,2,1,0.8708765315739867,MEDIUM,0,0.25,0,10.047330026848897,0
265,Malik Benson,WR,Oregon,135.51961780565503,221,178.26920443226024,,1,1,0.649387370405278,MEDIUM,0,0.25,0,85.48038219434497,1
266,Marvin Jones Jr.,EDGE,Oklahoma,130.92039998897917,355,178.53631999118332,,0,0,0.3515551366635249,LOW,0,,0,224.07960001102083,1
267,Colbie Young,WR,Georgia,132.2504109268113,237,178.55383892918528,,2,1,0.6343072573044298,MEDIUM,0,0.25,0,104.7495890731887,1
268,Behren Morton,QB,Texas Tech,124.04534765551507,328,178.81304398401554,,2,1,0.5485391140433553,MEDIUM,0,,0,203.95465234448494,1
269,Max Tomzcak,WR,Youngstown State,99.61857986935064,380,178.84837408321675,,0,0,0.3279924599434495,LOW,0,,0,280.38142013064936,1
270,Jalon Daniels,QB,Kansas,131.89170173065267,301,179.9901272441256,,1,1,0.5739868049010367,MEDIUM,0,,0,169.10829826934733,1
271,James Thompson Jr.,DL,Illinois,140.4383530178951,300,180.31199455371245,,0,0,0.4033930254476909,LOW,0,,0,159.5616469821049,1
272,Devan Boykin,S,Indiana,116.86282707361379,404,181.16502902169552,,0,0,0.3053722902921771,LOW,0,,0,287.1371729263862,1
273,Wesley Bissainthe,LB,Miami (FL),135.3208218282932,322,181.54363389196973,,0,0,0.3826578699340244,LOW,0,,0,186.6791781717068,1
274,David Blay,DL,Miami (FL),125.01192338170412,368,181.57085084475966,,0,0,0.3393025447690858,LOW,0,,0,242.98807661829588,1
275,Devon Marshall,CB,NC State,155.40198304548056,219,181.695088430459,,1,1,0.4797360980207351,MEDIUM,0,0.25,0,63.59801695451944,1
276,Jeffrey M'ba,DL,SMU,124.79264072933577,371,181.99542472286498,,0,0,0.3364750235626767,LOW,0,,0,246.20735927066423,1
277,Eric O'Neill,EDGE,Rutgers,133.25700250656854,369,182.00560200525481,,0,0,0.3383600377002828,LOW,0,,0,235.74299749343146,1
278,Michael Wortham,WR,Montana,96.65468744447611,408,182.07726014331712,,0,0,0.3016022620169651,LOW,0,,0,311.3453125555239,1
279,Avery Smith,CB,Toledo,149.23259878386978,255,182.1151981960837,,1,1,0.6173421300659755,MEDIUM,0,0.25,0,105.76740121613022,1
280,David Gusta,DL,Kentucky,159.18625814423135,232,182.9103186547814,,0,0,0.4674835061262959,LOW,0,0.25,0,72.81374185576865,1
281,Tyre West,EDGE,Tennessee,145.871620472127,327,183.0972963777016,,2,1,0.7210179076343073,MEDIUM,0,,0,181.128379527873,1
282,Matthew Hibner,TE,SMU,161.43626913360265,214,183.54338674934974,,1,1,0.6559849198868991,MEDIUM,0,0.25,0,52.56373086639735,1
283,Maalik Murphy,QB,Oregon State,71.42491779037698,571,184.71670009190504,,0,0,0.1479736098020735,LOW,0,,0,499.575082209623,1
284,Nick Singleton,RB,Penn State,192.18957793917662,139,185.29017437459507,,1,1,0.7266729500471253,MEDIUM,0,0.25,0,53.189577939176615,1
285,Jaeden Roberts,IOL,Alabama,159.26622880181597,280,185.61298304145276,,2,1,0.5937794533459001,MEDIUM,0,,0,120.73377119818403,1
286,Noah Whittington,RB,Oregon,147.67276423534832,272,185.75516010240895,,0,0,0.4297832233741753,LOW,0,,0,124.32723576465168,1
287,Khordae Sydnor,EDGE,Vanderbilt,120.76741003380712,438,185.8139280270457,,0,0,0.2733270499528746,LOW,0,,0,317.2325899661929,1
288,Jack Strand,QB,Minnesota State-Moorhead,126.17418510927806,370,186.4161139470259,,1,1,0.5089538171536286,MEDIUM,0,,0,243.82581489072194,1
289,D.J. Campbell,IOL,Texas,169.19211300241346,243,186.75369040193075,,0,0,0.4571159283694628,LOW,0,0.25,0,73.80788699758654,1
290,Ahmari Harvey,CB,Georgia Tech,144.24503333489736,284,187.26952866199244,,0,0,0.4184731385485391,LOW,0,,0,139.75496666510264,1
291,Deshaun Lee,CB,Iowa,71.49009132988853,583,187.6655750579854,,0,0,0.1366635249764372,LOW,0,,0,511.5099086701115,1
292,Reggie Virgil,WR,Texas Tech,154.9102580582874,194,188.08171663436616,,2,1,0.6748350612629594,MEDIUM,0,0.25,0,39.08974194171259,1
293,Devonta Smith,CB,Notre Dame,124.03094539459345,400,188.49825830974933,,14,1,0.6522148916116871,MEDIUM,0,,0,275.96905460540654,1
294,Cameron Dorner,WR,North Texas,104.95354947609195,407,189.31634976860983,,0,0,0.3025447690857681,LOW,0,,0,302.04645052390805,1
295,Ethan Hurkett,EDGE,Iowa,112.96406800678096,488,189.57125440542478,,0,0,0.2262016965127238,LOW,0,,0,375.03593199321904,1
296,Dominic Zvada,K,Michigan,138.3754735847447,362,189.61633926904665,,0,0,0.3449575871819038,LOW,0,,0,223.6245264152553,1
297,Marlin Klein,TE,Michigan,179.90192340020772,172,189.9159101626338,,1,1,0.6955702167766258,MEDIUM,0,0.25,0,7.901923400207721,0
298,Kaelon Black,RB,Indiana,177.05812440138305,200,191.06344823523673,,2,1,0.6691800188501413,MEDIUM,0,0.25,0,22.941875598616946,0
299,C.J. Daniels,WR,Miami (FL),146.74743740527327,239,191.15146011195483,,0,0,0.4608859566446748,LOW,0,0.25,0,92.25256259472673,1
300,Gabriel Rubio,DL,Notre Dame,116.20224345627776,460,191.32310690441855,,0,0,0.2525918944392083,LOW,0,,0,343.79775654372224,1
301,Daniel Sobkowicz,WR,Illinois State,97.57509272877935,451,191.41358437075974,,0,0,0.2610744580584354,LOW,0,,0,353.42490727122066,1
302,Caleb Douglas,WR,Texas Tech,151.54433437862514,225,191.88897769063632,,1,1,0.6456173421300659,MEDIUM,0,0.25,0,73.45566562137486,1
303,Wesley Bailey,EDGE,Louisville,125.64958917764977,449,191.9196713421198,,0,0,0.2629594721960414,LOW,0,,0,323.3504108223502,1
304,Keyshawn James-Newby,EDGE,New Mexico,161.4532630372459,314,192.46261042979674,,1,1,0.5617342130065974,MEDIUM,0,,0,152.5467369627541,1
305,Austin Leausa,IOL,BYU,121.0337759916458,471,192.62702079331663,,0,0,0.242224316682375,LOW,0,,0,349.9662240083542,1
306,Tyreek Chappell,CB,Texas A&M,121.4149472056709,411,193.20545975861128,,0,0,0.2987747408105561,LOW,0,,0,289.5850527943291,1
307,Jalen Catalon,S,Missouri,131.0550908711035,410,193.71884005968727,,0,0,0.2997172478793591,LOW,0,,0,278.9449091288965,1
308,Joshua Padilla,IOL,Ohio State,111.04150257004,518,194.03320205603202,,0,0,0.1979264844486333,LOW,0,,0,406.95849742996,1
309,Kevin Coleman Jr.,WR,Missouri,165.8518831246488,180,194.33501668745524,,1,1,0.6880301602262017,MEDIUM,0,0.25,0,14.148116875351207,0
310,Marcus Allen,CB,North Carolina,151.82087939139353,292,194.5313132009776,,0,0,0.4109330819981149,LOW,0,,0,140.17912060860647,1
311,Roman Hemby,RB,Indiana,164.58549079138288,249,194.6853413472366,,0,0,0.4514608859566446,LOW,0,0.25,0,84.41450920861712,1
312,Desmond Reid,RB,Pittsburgh,152.8161633109414,297,194.86987936288338,,0,0,0.4062205466540999,LOW,0,,0,144.1838366890586,1
313,Cian Slone,EDGE,NC State,142.65086816200338,398,195.0206945296027,,1,1,0.4825636192271442,MEDIUM,0,,0,255.34913183799662,1
314,Eli Heidenreich,WR,Navy,158.33779730650076,218,195.12374803293685,,1,1,0.6522148916116871,MEDIUM,0,0.25,0,59.66220269349924,1
315,Miller Moss,QB,Louisville,131.97365960684044,381,195.15569354507582,,0,0,0.3270499528746465,LOW,0,,0,249.02634039315956,1
316,Uar Bernard,DL,Nigeria,152.65796182731555,335,195.18768160124878,,1,1,0.7134778510838832,MEDIUM,0,,0,182.34203817268445,1
317,Alan Herron,IOL,Maryland,170.84560879947645,281,195.37648703958112,,1,1,0.5928369462770972,MEDIUM,0,,0,110.15439120052355,1
318,Calvin Clements,OT,Kansas,86.75903525530484,540,195.42766153076212,,0,0,0.1771913289349669,LOW,0,,0,453.24096474469513,1
319,Will Ferrin,K,BYU,141.9385578727316,378,195.66680669943617,,0,0,0.3298774740810555,LOW,0,,0,236.0614421272684,1
320,Jordan Hudson,WR,SMU,138.20450008717216,298,195.81711025747393,,1,1,0.5768143261074458,MEDIUM,0,,0,159.79549991282784,1
321,Jeff Caldwell,WR,Cincinnati,172.2992230065906,164,196.2928885930087,,1,1,0.70311027332705,MEDIUM,0,0.25,0,8.299223006590609,0
322,Jahiem Lawson,EDGE,Clemson,96.99841190810977,588,196.79872952648785,,0,0,0.1319509896324222,LOW,0,,0,491.0015880918902,1
323,Bai Jobe,EDGE,Miami (OH),114.83919754134084,521,196.87135803307268,,0,0,0.1950989632422242,LOW,0,,0,406.1608024586592,1
324,Troy Bowles,LB,Michigan,104.26150538439222,530,197.09618073684896,,0,0,0.1866163996229971,LOW,0,,0,425.7384946156078,1
325,Jackson Kuwatch,EDGE,Miami (OH),168.74598755514484,311,197.39679004411587,,2,1,0.7360980207351554,MEDIUM,0,,0,142.25401244485516,1
326,Austin Brown,S,Wisconsin,156.1327021310894,329,197.580929067676,,0,0,0.3760603204524034,LOW,0,,0,172.8672978689106,1
327,Gary Smith III,DL,UCLA,159.43332260692836,305,197.707970224939,,0,0,0.3986804901036757,LOW,0,,0,145.56667739307164,1
328,Adam Randall,RB,Clemson,189.7303530086952,177,197.80123112108646,,2,1,0.8623939679547596,MEDIUM,0,0.25,0,12.730353008695204,0
329,J.C. Davis,OT,Illinois,181.85995341258032,167,197.80839605658247,,1,1,0.700282752120641,MEDIUM,0,0.25,0,14.859953412580325,0
330,Braylon James,WR,TCU,84.79496299189398,527,197.9894805812514,,0,0,0.1894439208294062,LOW,0,,0,442.20503700810605,1
331,Carsen Ryan,TE,BYU,153.38309004026334,323,198.00084347467833,,0,0,0.3817153628652214,LOW,0,,0,169.61690995973666,1
332,Drew Shelton,OT,Penn State,183.00911229745049,165,198.1199501524159,,1,1,0.702167766258247,MEDIUM,0,0.25,0,18.009112297450486,0
333,C.J. Donaldson,RB,Ohio State,148.6291064252446,330,198.12023385432596,,0,0,0.3751178133836004,LOW,0,,0,181.3708935747554,1
334,Derion Gullette,EDGE,Mississippi State,115.87053984566697,520,198.29643187653357,,0,0,0.1960414703110273,LOW,0,,0,404.12946015433306,1
335,Ceyair Wright,CB,Nebraska,159.0441205745999,286,198.3087984537545,,0,0,0.4165881244109331,LOW,0,,0,126.9558794254001,1
336,Markee Anderson,IOL,South Carolina,112.65189589764765,534,198.52151671811814,,0,0,0.1828463713477851,LOW,0,,0,421.34810410235235,1
337,Drew Stevens,K,Iowa,134.03131590003684,427,198.84101312128035,,1,1,0.4552309142318567,MEDIUM,0,,0,292.9686840999632,1
338,TJ Guy,EDGE,Michigan,126.50005012017343,481,199.00004009613875,,0,0,0.2327992459943449,LOW,0,,0,354.49994987982654,1
339,Trey Smack,K,Florida,166.827057904377,296,199.17760672475248,,0,0,0.4071630537229029,LOW,0,,0,129.172942095623,1
340,Kolbey Taylor,CB,Vanderbilt,147.65827159587633,337,199.40011927077563,,0,0,0.3685202639019792,LOW,0,,0,189.34172840412367,1
341,Evan Beerntsen,IOL,Northwestern,177.69913450222646,276,199.85930760178113,,1,1,0.5975494816211122,MEDIUM,0,,0,98.30086549777354,1
342,Lance Mason,TE,Wisconsin,145.1209340433453,367,199.89111867714388,,1,1,0.5117813383600377,MEDIUM,0,,0,221.8790659566547,1
343,Le'Veon Moss,RB,Texas A&M,185.58308270885578,193,200.2834148812149,,0,0,0.5042412818096136,LOW,0,0.25,0,7.416917291144216,0
344,J'Mari Taylor,RB,Virginia,185.53910160363995,204,200.44822999704223,,0,0,0.4938737040527803,LOW,0,0.25,0,18.46089839636005,0
345,Terry Webb,DL,SMU,114.38374535521406,510,201.46830842356758,,0,0,0.2054665409990575,LOW,0,,0,395.61625464478595,1
346,Max Bredeson,RB,Michigan,161.87942521099166,294,201.52048888292362,,0,0,0.4090480678605089,LOW,0,,0,132.12057478900834,1
347,Declan Williams,LB,Incarnate Word,139.89918947881804,418,201.60632801238964,,0,0,0.292177191328935,LOW,0,,0,278.100810521182,1
348,Josh Cuevas,TE,Alabama,183.01693365489416,220,202.00791836638294,,1,1,0.650329877474081,MEDIUM,0,0.25,0,36.98306634510584,1
349,Bernard Gooden,DL,LSU,122.02489789687337,485,202.58123045689504,,0,0,0.2290292177191329,LOW,0,,0,362.97510210312663,1
350,West Weeks,LB,LSU,135.34948873773664,435,202.9665674195245,,0,0,0.2761545711592837,LOW,0,,0,299.65051126226336,1
351,Lewis Bond,WR,Boston College,145.70230872932703,310,203.31535717119786,,0,0,0.3939679547596606,LOW,0,,0,164.29769127067297,1
352,Isaiah World,OT,Oregon,208.8207204802219,146,203.95390163866244,,3,1,0.8916116870876531,MEDIUM,0,0.25,0,62.820720480221894,1
353,Nate Boerkircher,TE,Texas A&M,195.99483180937858,178,203.99023688997048,,1,1,0.8614514608859566,MEDIUM,0,0.25,0,17.99483180937858,0
354,Ryan Eckley,P,Michigan State,163.3014193691014,346,204.60341315544952,,0,0,0.3600377002827521,LOW,0,,0,182.6985806308986,1
355,Jeadyn Lukus,CB,Clemson,143.4690033842295,385,205.64870470145814,,0,0,0.3232799245994345,LOW,0,,0,241.5309966157705,1
356,Carver Willis,OT,Washington,181.6642350788198,208,205.85182138957404,,1,1,0.6616399622997172,MEDIUM,0,0.25,0,26.335764921180214,0
357,Zaylin Wood,DL,Vanderbilt,131.93138740641655,463,206.1064220645296,,0,0,0.2497643732327993,LOW,0,,0,331.06861259358345,1
358,Jalen Walthall,WR,Incarnate Word,127.10186973188058,401,206.23500597324067,,0,0,0.3081998114985862,LOW,0,,0,273.8981302681194,1
359,Dominic Deluca,LB,Penn State,135.27630582845933,453,206.50802109210264,,0,0,0.2591894439208294,LOW,0,,0,317.72369417154067,1
360,Namdi Obiazor,LB,TCU,167.57918677463846,320,206.6503258490459,,1,1,0.5560791705937794,MEDIUM,0,,0,152.42081322536154,1
361,Nyzier Fourqurean,CB,Wisconsin,123.75052515628451,469,206.6739221191022,,0,0,0.2441093308199811,LOW,0,,0,345.24947484371546,1
362,Xavian Sorey Jr.,LB,Arkansas,175.870994031451,287,206.68377165449596,,1,1,0.587181903864279,MEDIUM,0,,0,111.129005968549,1
363,Bryce Phillips,CB,San Diego State,154.27794882873468,348,206.89586105706232,,0,0,0.358152686145146,LOW,0,,0,193.72205117126532,1
364,Calvin Simpson-Hunt,CB,Baylor,108.21248410322343,533,207.0434892766533,,0,0,0.1837888784165881,LOW,0,,0,424.78751589677654,1
365,Darryl Peterson III,EDGE,Wisconsin,140.7048089512239,466,207.36384716097913,,0,0,0.2469368520263902,LOW,0,,0,325.29519104877613,1
366,Makari Vickers,CB,Colorado,109.58776341067616,532,207.9437127226155,,0,0,0.1847313854853911,LOW,0,,0,422.4122365893238,1
367,Jacob Thomas,S,James Madison,165.39279087772982,352,208.18900006498836,,2,1,0.5259189443920829,MEDIUM,0,,0,186.60720912227018,1
368,Jeremiah Williams,EDGE,Texas A&M,187.56573910324266,283,208.25259128259412,,0,0,0.4194156456173422,LOW,0,,0,95.43426089675734,1
369,Shamurad Umarov,OT,Tennessee,103.5899836291587,539,208.6924202298452,,0,0,0.17813383600377,LOW,0,,0,435.4100163708413,1
370,Dontae Balfour,CB,Texas Tech,116.61341694543316,509,208.9642355504211,,0,0,0.2064090480678605,LOW,0,,0,392.3865830545668,1
371,Tanner Wall,S,BYU,142.23598724577042,444,209.46355715942084,,0,0,0.2676720075400565,LOW,0,,0,301.7640127542296,1
372,Jonathan Jefferson,DL,SMU,90.7345247626388,645,209.5489319495074,,0,0,0.0782280867106503,LOW,0,,0,554.2654752373612,1
373,Kendrick Law,WR,Kentucky,184.0086188228902,184,209.66040524604838,,1,1,0.6842601319509896,MEDIUM,0,0.25,0,0.008618822890213096,0
374,Donaven Mcculley,WR,Michigan,132.28315913105706,390,209.78003749258187,,0,0,0.3185673892554194,LOW,0,,0,257.71684086894294,1
375,E.J. Williams,WR,Indiana,108.50018632786855,497,210.95365925003108,,0,0,0.2177191328934966,LOW,0,,0,388.49981367213144,1
376,Jaydn Ott,RB,Oklahoma,202.79898696303607,195,210.95613828455913,,1,1,0.6738925541941565,MEDIUM,0,0.25,0,7.7989869630360715,0
377,Jalen McMurray,CB,Tennessee,136.61578411621093,439,210.96612928704332,,0,0,0.2723845428840716,LOW,0,,0,302.38421588378907,1
378,James Durand,IOL,Western Illinois,128.54416220541844,541,211.03532976433476,,0,0,0.1762488218661639,LOW,0,,0,412.45583779458156,1
379,Khalil Dinkins,TE,Penn State,161.04343968584305,357,211.82912319114206,,1,1,0.5212064090480678,MEDIUM,0,,0,195.95656031415695,1
380,Fa'alili Fa'amoe,OT,Wake Forest,171.26178985236544,278,211.82986520841058,,0,0,0.4241281809613572,LOW,0,,0,106.73821014763456,1
381,Clay Patterson,DL,Stanford,144.5646485422601,445,212.61303097320445,,0,0,0.2667295004712535,LOW,0,,0,300.4353514577399,1
382,Bauer Sharp,TE,LSU,172.57321003736405,315,212.65293947235884,,1,1,0.5607917059377945,MEDIUM,0,,0,142.42678996263595,1
383,Blake Cotton,CB,Utah,121.04545388788367,511,212.90986510438148,,0,0,0.2045240339302545,LOW,0,,0,389.9545461121163,1
384,Rohan Jones,TE,Arkansas,142.43971709660153,442,213.04614511974887,,0,0,0.2695570216776626,LOW,0,,0,299.5602829033985,1
385,Romello Brinson,WR,SMU,144.99979718579775,363,213.05334793637442,,1,1,0.5155513666352497,MEDIUM,0,,0,218.00020281420225,1
386,Aaron Hall,DL,Duke,166.1226214438876,361,213.05940929450645,,0,0,0.3459000942507068,LOW,0,,0,194.8773785561124,1
387,A.J. Pena,EDGE,Rhode Island,165.24068678885925,405,213.1925494310874,,0,0,0.3044297832233741,LOW,0,,0,239.75931321114075,1
388,P.J. Williams,OT,SMU,115.41951279656392,516,213.55604356376938,,0,0,0.1998114985862393,LOW,0,,0,400.58048720343606,1
389,Popeye Williams,EDGE,Western Michigan,124.90695910794511,566,213.9255672863561,,0,0,0.1526861451460885,LOW,0,,0,441.0930408920549,1
390,John Michael Gyllenborg,TE,Wyoming,198.33066346108333,233,214.0589022113343,,1,1,0.6380772855796418,MEDIUM,0,0.25,0,34.66933653891667,1
391,Demond Claiborne,RB,Wake Forest,211.55867013244003,163,214.1638848200823,,3,1,0.704052780395853,MEDIUM,0,0.25,0,48.55867013244003,1
392,Kobe Baynes,IOL,Kansas,188.71609373985837,308,214.1728749918867,,0,0,0.3958529688972667,LOW,0,,0,119.28390626014163,1
393,Dane Key,WR,Nebraska,143.05253868237065,375,214.19554113363276,,0,0,0.3327049952874646,LOW,0,,0,231.94746131762935,1
394,Chase Roberts,WR,BYU,163.01630023894268,290,214.36655037889037,,0,0,0.412818096135721,LOW,0,,0,126.98369976105732,1
395,Miles Scott,S,Illinois,170.44691563536398,358,214.83229987109567,,0,0,0.3487276154571159,LOW,0,,0,187.55308436463602,1
396,Joshua Braun,IOL,Kentucky,182.26022127856783,332,215.00817702285426,,0,0,0.3732327992459943,LOW,0,,0,149.73977872143217,1
397,Julian Armella,IOL,UCLA,123.65919388570016,573,215.12735510856012,,0,0,0.1460885956644675,LOW,0,,0,449.3408061142998,1
398,Travis Shaw,DL,Texas,122.44875995597344,547,215.3203201041751,,0,0,0.1705937794533459,LOW,0,,0,424.55124004402654,1
399,Zaire Patterson,EDGE,Clemson,111.55252096681495,627,216.24201677345198,,0,0,0.0951932139491045,LOW,0,,0,515.447479033185,1
400,DJ Harvey,CB,USC,130.2528319595467,491,216.27576756171192,,0,0,0.2233741753063147,LOW,0,,0,360.7471680404533,1
401,Ricardo Hallman,CB,Wisconsin,150.92215888615104,409,216.4112291029954,,0,0,0.3006597549481621,LOW,0,,0,258.077841113849,1
402,Dean Connors,RB,Houston,174.04670342237165,326,216.4543114520276,,0,0,0.3788878416588124,LOW,0,,0,151.95329657762835,1
403,Wendell Moe Jr.,IOL,Tennessee,120.78200754162279,592,216.62560603329823,,0,0,0.1281809613572102,LOW,0,,0,471.21799245837724,1
404,Keelan Marion,WR,Miami (FL),130.59599573803825,437,216.63030677816684,,0,0,0.2742695570216776,LOW,0,,0,306.40400426196175,1
405,Will Pauling,WR,Notre Dame,146.09726840411545,384,216.83132491102862,,0,0,0.3242224316682375,LOW,0,,0,237.90273159588455,1
406,Jaren Kanak,TE,Oklahoma,163.83057851977352,372,217.05883425828642,,1,1,0.5070688030160226,MEDIUM,0,,0,208.16942148022648,1
407,Quinten Christensen,IOL,South Dakota State,121.03808466659423,607,218.2304677332754,,0,0,0.1140433553251649,LOW,0,,0,485.9619153334058,1
408,Zavion Thomas,WR,LSU,176.1788196581535,260,218.29656591425902,,2,1,0.6126295947219604,MEDIUM,0,,0,83.82118034184651,1
409,Nick Degennaro,WR,James Madison,141.50848128830552,406,218.36029521838066,,0,0,0.3034872761545711,LOW,0,,0,264.4915187116945,1
410,Jayden Virgin-Morgan,EDGE,Boise State,127.54876375965259,574,218.4390110077221,,0,0,0.1451460885956645,LOW,0,,0,446.4512362403474,1
411,Thomas Castellanos,QB,Florida State,131.1095211693156,501,218.46438279505597,,0,0,0.2139491046182846,LOW,0,,0,369.8904788306844,1
412,Sedrick Alexander,RB,Vanderbilt,122.36529599596322,543,218.5091855109009,,0,0,0.1743638077285579,LOW,0,,0,420.6347040040368,1
413,TJ Quinn,S,Louisville,160.08523031297034,422,219.04295161318075,,1,1,0.4599434495758717,MEDIUM,0,,0,261.91476968702966,1
414,Isaiah Nwokobia,S,SMU,160.15060224659078,421,219.1952491600771,,0,0,0.2893496701225258,LOW,0,,0,260.8493977534092,1
415,Dillon Wade,IOL,Auburn,171.8372665889428,397,219.66981327115425,,0,0,0.3119698397737983,LOW,0,,0,225.1627334110572,1
416,Jamari Lyons,DL,Florida,126.80859534434633,554,220.2081884148734,,0,0,0.1639962299717248,LOW,0,,0,427.1914046556537,1
417,Dayne Shor,OT,Akron,115.81945890078711,552,220.27600044714794,,0,0,0.1658812441093308,LOW,0,,0,436.18054109921286,1
418,Curtis Allen,RB,Virginia Union,171.746812398815,364,220.6143986331823,,0,0,0.3430725730442978,LOW,0,,0,192.253187601185,1
419,Cameron Robertson,EDGE,SMU,125.05242243671475,595,220.6419379493718,,0,0,0.1253534401508011,LOW,0,,0,469.9475775632852,1
420,DT Sheffield,WR,Rutgers,135.2464246286978,441,221.1506498906945,,0,0,0.2704995287464656,LOW,0,,0,305.7535753713022,1
421,Seth McGowan,RB,Kentucky,211.57496647051846,207,221.27692189054505,,2,1,0.6625824693685202,MEDIUM,0,0.25,0,4.574966470518461,0
422,Emmanuel Henderson,WR,Kansas,166.93549193245204,309,221.30190373369786,,0,0,0.3949104618284636,LOW,0,,0,142.06450806754796,1
423,R.J. Maryland,TE,SMU,178.63905922867542,333,221.40561882540794,,0,0,0.3722902921771913,LOW,0,,0,154.36094077132458,1
424,Jalen Logan-Redding,DL,Minnesota,144.37105787066707,490,221.45815843593,,0,0,0.2243166823751178,LOW,0,,0,345.6289421293329,1
425,Brent Austin,CB,California,171.84598413153938,353,221.95028929930606,,0,0,0.3534401508011309,LOW,0,,0,181.15401586846062,1
426,Tyren Montgomery,WR,John Carroll,183.69508159200632,262,222.20957546134127,,1,1,0.6107445805843543,MEDIUM,0,,0,78.30491840799368,1
427,Antonio Gates Jr.,WR,Delaware State,107.6325065758702,565,222.2595154484324,,0,0,0.1536286522148916,LOW,0,,0,457.3674934241298,1
428,Jackie Marshall,DL,Baylor,150.4813738225293,464,222.3464111974198,,0,0,0.2488218661639962,LOW,0,,0,313.5186261774707,1
429,Mark Gronowski,QB,Iowa,171.97796897153512,359,222.45914103683154,,1,1,0.5193213949104618,MEDIUM,0,,0,187.02203102846488,1
430,Garrett DiGiorgio,OT,UCLA,172.80815524018354,325,222.46695751866505,,0,0,0.3798303487276154,LOW,0,,0,152.19184475981646,1
431,J.Michael Sturdivant,WR,Florida,188.5207490225583,230,222.77010940578288,,0,0,0.4693685202639019,LOW,0,0.25,0,41.479250977441694,1
432,Dasan McCullough,EDGE,Nebraska,167.0749860133176,440,222.95998881065407,,1,1,0.4429783223374175,MEDIUM,0,,0,272.9250139866824,1
433,Aaron Anderson,WR,LSU,168.78063533807563,312,223.37801845819672,,0,0,0.3920829406220546,LOW,0,,0,143.21936466192437,1
434,Fred Davis II,CB,Northwestern,147.21882094971053,459,223.448558753843,,0,0,0.2535344015080113,LOW,0,,0,311.78117905028944,1
435,Keeshawn Silver,DL,USC,145.83478973225516,495,223.62914392520048,,0,0,0.2196041470311027,LOW,0,,0,349.16521026774484,1
436,Barion Brown,WR,LSU,185.03675120309728,252,224.08291115021404,,1,1,0.6201696512723845,MEDIUM,0,0.25,0,66.96324879690272,1
437,Al'zillion Hamilton,CB,Fresno State,149.4308315581514,455,224.41816724059566,,0,0,0.2573044297832233,LOW,0,,0,305.5691684418486,1
438,Seydou Traore,TE,Mississippi State,166.4865254894355,403,224.48359183401607,,0,0,0.3063147973609802,LOW,0,,0,236.5134745105645,1
439,Jaden Dugger,LB,Louisiana-Lafayette,203.472320015746,282,224.96483244193197,,1,1,0.5918944392082941,MEDIUM,0,,0,78.52767998425401,1
440,Jalen Jones,CB,William & Mary,163.02621795038485,412,225.09447635438246,,0,0,0.2978322337417531,LOW,0,,0,248.97378204961515,1
441,Eric Rivers,WR,Georgia Tech,184.329090835755,261,225.3167828563402,,1,1,0.6116870876531574,MEDIUM,0,,0,76.67090916424499,1
442,Collin Sadler,OT,Clemson,118.51082215160915,563,225.42909104780557,,0,0,0.1555136663524976,LOW,0,,0,444.48917784839085,1
443,Shawn Murphy,LB,South Carolina,135.17548617985878,551,226.0273653732222,,0,0,0.1668237511781338,LOW,0,,0,415.8245138201412,1
444,Damon Payne,DL,Michigan,120.57825216543048,609,226.22391387174076,,0,0,0.1121583411875589,LOW,0,,0,488.4217478345695,1
445,Khurtiss Perry,DL,Jacksonville State,134.1611057583052,560,226.49019674604054,,0,0,0.1583411875589066,LOW,0,,0,425.8388942416948,1
446,Trebor Pena,WR,Penn State,146.580948817054,426,226.91826924137942,,1,1,0.4561734213006597,MEDIUM,0,,0,279.41905118294596,1
447,Bryce Foster,IOL,Kansas,188.71609373985837,374,227.37287499188668,,0,0,0.3336475023562676,LOW,0,,0,185.28390626014163,1
448,James Brockermeyer,IOL,Miami (FL),200.53016918190255,331,227.92413534552205,,1,1,0.5457115928369463,MEDIUM,0,,0,130.46983081809745,1
449,Tony Grimes,CB,Purdue,167.93534466465906,399,228.02177772580183,,0,0,0.3100848256361923,LOW,0,,0,231.06465533534094,1
450,Josh Moten,CB,Southern Miss,189.60722065505172,317,228.15927851811597,,0,0,0.3873704052780395,LOW,0,,0,127.39277934494828,1
451,Hank Beatty,WR,Illinois,128.22826733079057,506,228.5361240523687,,0,0,0.2092365692742695,LOW,0,,0,377.7717326692094,1
452,Jacob De Jesus,WR,California,139.52338407921786,461,228.5722174511105,,0,0,0.2516493873704053,LOW,0,,0,321.47661592078214,1
453,O'Mega Blake,WR,Arkansas,142.4455948560218,452,229.10998607255368,,0,0,0.2601319509896324,LOW,0,,0,309.5544051439782,1
454,Caden Fordham,LB,NC State,172.75740403443098,417,229.29289965687997,,0,0,0.293119698397738,LOW,0,,0,244.24259596556902,1
455,Gavin Ortega,OT,Weber State,155.16711584213,447,229.35412600022224,,2,1,0.4363807728557964,MEDIUM,0,,0,291.83288415787,1
456,Alex Harkey,OT,Oregon,205.2430076556821,235,230.11483945106392,,1,1,0.6361922714420358,MEDIUM,0,0.25,0,29.756992344317894,0
457,Robert Henry Jr.,RB,UTSA,199.44236898156373,295,230.9708438993813,,0,0,0.4081055607917059,LOW,0,,0,95.55763101843627,1
458,Harrison Wallace III,WR,Mississippi,187.47746501326745,285,231.33548219835018,,0,0,0.4175306314797361,LOW,0,,0,97.52253498673255,1
459,Ayden Williams,WR,Mississippi State,127.8709180010639,537,231.45024458858737,,14,1,0.5230914231856738,MEDIUM,0,,0,409.1290819989361,1
460,Jarod Washington,CB,South Carolina State,168.7849520762536,425,231.70146365507745,,2,1,0.4571159283694627,MEDIUM,0,,0,256.2150479237464,1
461,Kaden Wetjen,WR,Iowa,204.13896943840894,215,231.96468573846337,,1,1,0.655042412818096,MEDIUM,0,0.25,0,10.861030561591065,0
462,Jack Velling,TE,Michigan State,178.01144626427768,396,232.30352845388978,,0,0,0.3129123468426013,LOW,0,,0,217.98855373572232,1
463,Darren Agu,EDGE,New Mexico,140.26917871563,598,232.61534297250404,,0,0,0.1225259189443921,LOW,0,,0,457.73082128437,1
464,Lewis Carter,LB,UCF,147.6582831753752,535,232.81360296963533,,0,0,0.181903864278982,LOW,0,,0,387.34171682462477,1
465,Joshua Weru,EDGE,Kenya,190.32421236929628,413,232.85936989543706,,0,0,0.29688972667295,LOW,0,,0,222.67578763070372,1
466,Rashad Battle,CB,Pittsburgh,157.00753274243647,467,232.87952818802376,,0,0,0.2459943449575871,LOW,0,,0,309.99246725756353,1
467,Caden Barnett,OT,Wyoming,212.35814604389242,231,233.0069501616322,,1,1,0.6399622997172479,MEDIUM,0,0.25,0,18.641853956107582,0
468,Tywone Malone,DL,Ohio State,121.51255374689777,646,234.07135513691458,,1,1,0.2488218661639962,MEDIUM,0,,0,524.4874462531022,1
469,Liam Becher,IOL,North Dakota,141.28248715936797,606,234.22598972749438,,0,0,0.1149858623939679,LOW,0,,0,464.717512840632,1
470,Kejon Owens,RB,Florida International,181.53087573289596,389,234.24164930044708,,0,0,0.3195098963242224,LOW,0,,0,207.46912426710404,1
471,Tomas Rimac,IOL,Virginia Tech,197.94820709698283,373,234.5585656775863,,0,0,0.3345900094250707,LOW,0,,0,175.05179290301717,1
472,Erick Hunter,LB,Morgan State,190.07383126896121,383,234.7460414445042,,0,0,0.3251649387370405,LOW,0,,0,192.92616873103879,1
473,Davin Stoffel,TE,Illinois,144.1734308940459,545,235.03311615770434,,0,0,0.1724787935909519,LOW,0,,0,400.8265691059541,1
474,Desmeal Leigh,OT,Youngstown State,121.46523070617435,608,235.19261789145773,,0,0,0.1131008482563619,LOW,0,,0,486.53476929382566,1
475,Cam Miller,CB,Rutgers,164.23786234449534,446,235.66379186967083,,0,0,0.2657869934024505,LOW,0,,0,281.76213765550466,1
476,Kalil Alexander,EDGE,Texas State,166.16855473831416,514,237.33484379065135,,0,0,0.2016965127238453,LOW,0,,0,347.8314452616859,1
477,Skyler Thomas,S,Oregon State,198.54098908268284,360,237.40755862895074,,1,1,0.3468426013195099,MEDIUM,0,,0,161.45901091731716,1
478,Wydett Williams Jr.,S,Mississippi,210.73547430827776,319,237.6631468094267,,0,0,0.3854853911404335,LOW,0,,0,108.26452569172224,1
479,Javin Wright,LB,Nebraska,175.16388571360645,450,237.81808500022035,,0,0,0.2620169651272384,LOW,0,,0,274.8361142863936,1
480,Jimari Butler,EDGE,LSU,120.63668205852025,699,237.9093456468162,,0,0,0.0273327049952874,LOW,0,,0,578.3633179414797,1
481,Kyron Drones,QB,Virginia Tech,156.3293424397087,498,238.04023981137047,,0,0,0.2167766258246936,LOW,0,,0,341.67065756029126,1
482,Vinny Anthony II,WR,Wisconsin,180.99460709229234,340,238.7491958615701,,0,0,0.3656927426955701,LOW,0,,0,159.00539290770766,1
483,Micah Pettus,OT,Florida State,209.55456917442802,266,238.86408866606064,,0,0,0.4354382657869933,LOW,0,,0,56.445430825571975,1
484,Rodney Shelley,CB,Georgia Tech,169.30928808627897,448,238.92093246309776,,0,0,0.2639019792648444,LOW,0,,0,278.69071191372103,1
485,Pichon Wimbley,IOL,Georgia Southern,151.72063506585675,584,238.97650805268543,,0,0,0.1357210179076342,LOW,0,,0,432.27936493414325,1
486,Dan Villari,TE,Syracuse,199.2327963055846,349,239.28060848693534,,2,1,0.5287464655984919,MEDIUM,0,,0,149.7672036944154,1
487,Shadrach Banks,LB,UTSA,207.05785835289453,334,239.33326311165084,,0,0,0.3713477851083883,LOW,0,,0,126.94214164710547,1
488,Dillon Bell,WR,Georgia,188.5585515715803,313,239.40035144500044,,0,0,0.3911404335532515,LOW,0,,0,124.4414484284197,1
489,Jamarion Miller,RB,Alabama,219.77844708602876,258,239.4397063829533,,0,0,0.4429783223374174,LOW,0,,0,38.22155291397124,1
490,Tanner Arkin,TE,Illinois,178.44599492008626,430,239.45116737853664,,0,0,0.2808671065032987,LOW,0,,0,251.55400507991374,1
491,Maverick McIvor,QB,Western Kentucky,158.57632471094533,502,239.83782562835975,,0,0,0.2130065975494816,LOW,0,,0,343.4236752890547,1
492,Zykeivous Walker,DL,Auburn,117.90325026253895,690,240.2839123494275,,0,0,0.0358152686145146,LOW,0,,0,572.0967497374611,1
493,Tommy Doman,P,Florida,176.60437219498775,472,240.44577541615857,,0,0,0.241281809613572,LOW,0,,0,295.3956278050123,1
494,Caullin Lacy,WR,Louisville,181.79150946559378,347,240.78671776021125,,0,0,0.359095193213949,LOW,0,,0,165.20849053440622,1
495,Cade Denhoff,EDGE,Clemson,143.73256570286856,623,241.18605256229486,,0,0,0.0989632422243167,LOW,0,,0,479.26743429713144,1
496,Karon Prunty,CB,Wake Forest,161.16104545807667,494,241.3023383605359,,1,1,0.3920829406220547,MEDIUM,0,,0,332.83895454192333,1
497,Gunner Maldonado,S,Kansas State,186.31549826552487,428,241.5271659752244,,0,0,0.2827521206409047,LOW,0,,0,241.68450173447513,1
498,Tamarion Crumpley,CB,UAB,180.235641873683,423,241.862015493021,,0,0,0.2874646559849198,LOW,0,,0,242.764358126317,1
499,Daylan Carnell,S,Missouri,126.58180981433799,670,242.1402152142749,,0,0,0.0546654099905749,LOW,0,,0,543.4181901856621,1
500,Tiaoalii Savea,DL,Arizona,128.7934053424202,656,242.1960364133325,,0,0,0.0678605089538171,LOW,0,,0,527.2065946575798,1
501,Jaren Kump,IOL,Utah,197.3183744050662,414,242.254699524053,,0,0,0.295947219604147,LOW,0,,0,216.6816255949338,1
502,Jaybron Harvey,EDGE,North Carolina,171.07066828611966,519,242.25653462889574,,0,0,0.1969839773798303,LOW,0,,0,347.92933171388034,1
503,Keanu Koht,EDGE,Vanderbilt,145.16296724637482,625,242.73037379709987,,0,0,0.0970782280867106,LOW,0,,0,479.8370327536252,1
504,Christian Jones,OT,San Diego State,195.04965155966858,345,243.0601545742531,,0,0,0.3609802073515551,LOW,0,,0,149.95034844033142,1
505,Ja'Mori Maclin,WR,Kentucky,97.10959685009715,704,243.24118766781396,,0,0,0.0226201696512723,LOW,0,,0,606.8904031499028,1
506,Preston Hodge,CB,Colorado,166.08068710232487,486,243.93805167593445,,0,0,0.2280867106503299,LOW,0,,0,319.9193128976751,1
507,Eli Blakey,S,Miami (OH),177.9011549613062,478,243.99569133184946,,0,0,0.2356267672007539,LOW,0,,0,300.0988450386938,1
508,Tyler Van Dyke,QB,SMU,117.64914762770705,683,244.0960839617691,,0,0,0.0424128180961357,LOW,0,,0,565.3508523722929,1
509,Omari Evans,WR,Washington,157.2764294541806,468,244.17465375108074,,0,0,0.2450518378887841,LOW,0,,0,310.72357054581937,1
510,Eddie Kelly,DL,West Virginia,151.22411405535522,577,244.34060338368053,,0,0,0.1423185673892554,LOW,0,,0,425.77588594464476,1
511,Cash Jones,RB,Georgia,192.08782877011578,395,244.3872117302229,,1,1,0.3138548539114044,MEDIUM,0,,0,202.91217122988422,1
512,Malick Sylla,EDGE,Mississippi State,161.68998777522305,568,244.55199022017845,,0,0,0.1508011310084825,LOW,0,,0,406.310012224777,1
513,Sabastian Harsh,DL,NC State,116.28031817244916,718,244.58556667735567,,0,0,0.0094250706880301,LOW,0,,0,601.7196818275509,1
514,Miles Kitselman,TE,Tennessee,195.0982566786766,387,245.07297678540888,,1,1,0.4929311969839774,MEDIUM,0,,0,191.9017433213234,1
515,Jack Stonehouse,P,Syracuse,202.98729614162053,394,245.35211457346483,,2,1,0.4863336475023563,MEDIUM,0,,0,191.01270385837947,1
516,Nolan Rucci,OT,Penn State,218.86128302080175,263,245.40945974315963,,1,1,0.6098020735155514,MEDIUM,0,,0,44.13871697919825,1
517,Ty Thompson,TE,Tulane,137.90057518486645,626,245.41483159036082,,0,0,0.0961357210179076,LOW,0,,0,488.09942481513355,1
518,Kaidon Salter,QB,Colorado,176.59230756425316,454,245.450611911006,,0,0,0.2582469368520264,LOW,0,,0,277.40769243574687,1
519,Kapena Gushiken,S,Mississippi,203.101970505216,391,245.65634376697727,,1,1,0.6606974552309142,MEDIUM,0,,0,187.898029494784,1
520,Hunter Zambrano,IOL,Texas Tech,190.64952852435977,458,245.7196228194878,,0,0,0.2544769085768143,LOW,0,,0,267.35047147564023,1
521,Devean Deal,EDGE,TCU,138.62977224082064,668,246.1038177926565,,0,0,0.0565504241281809,LOW,0,,0,529.3702277591793,1
522,Keaten Wade,EDGE,Colorado,162.69669947822,572,246.15735958257602,,0,0,0.1470311027332705,LOW,0,,0,409.30330052178,1
523,Noah Thomas,WR,Georgia,157.10955135283504,480,246.44115127000427,,0,0,0.2337417530631479,LOW,0,,0,322.89044864716493,1
524,Marcus Burris,DL,Memphis,142.03785929903967,629,246.5915995786281,,0,0,0.0933081998114985,LOW,0,,0,486.96214070096033,1
525,Rara Thomas,WR,Troy,153.67773773018538,500,246.89570037188457,,0,0,0.2148916116870876,LOW,0,,0,346.3222622698146,1
526,Josh Gesky,IOL,Illinois,219.8189231368547,351,247.05513850948375,,2,1,0.5268614514608858,MEDIUM,0,,0,131.1810768631453,1
527,Jamal Haynes,RB,Georgia Tech,198.34152779479882,382,247.09017094996935,,0,0,0.3261074458058435,LOW,0,,0,183.65847220520118,1
528,Tobias Merriweather,WR,Utah,139.6764566935963,553,247.09467554261326,,0,0,0.1649387370405278,LOW,0,,0,413.32354330640374,1
529,Sieh Bangura,RB,Ohio,186.642836196519,433,247.1312176713455,,0,0,0.2780395852968897,LOW,0,,0,246.357163803481,1
530,Justice Finkley,EDGE,Kansas,165.66011355163738,570,248.1280908413099,,0,0,0.1489161168708765,LOW,0,,0,404.3398864483626,1
531,Davion Carter,IOL,Texas Tech,194.56246835820323,456,248.44997468656257,,0,0,0.2563619227144204,LOW,0,,0,261.4375316417968,1
532,Josh Thompson,IOL,LSU,214.21315310669237,379,248.7705224853539,,0,0,0.3289349670122525,LOW,0,,0,164.78684689330763,1
533,Elliot Donald,DL,Pittsburgh,141.6233560365248,638,248.8599969686162,,0,0,0.0848256361922714,LOW,0,,0,496.3766439634752,1
534,Nick Andersen,S,Wake Forest,197.50107423773812,420,248.87562675299498,,0,0,0.290292177191329,LOW,0,,0,222.49892576226188,1
535,James Neal,IOL,Iowa State,205.4840686710066,415,248.9872549368053,,0,0,0.295004712535344,LOW,0,,0,209.5159313289934,1
536,Jalil Farooq,WR,Maryland,160.24179930019653,482,249.34694962789345,,0,0,0.2318567389255419,LOW,0,,0,321.75820069980347,1
537,Korey Foreman,EDGE,Fresno State,157.19107016560375,611,249.55285613248302,,0,0,0.1102733270499528,LOW,0,,0,453.8089298343963,1
538,Kaleb Brown,WR,UAB,142.3211553143016,559,249.61043443917754,,0,0,0.1592836946277097,LOW,0,,0,416.67884468569844,1
539,Ross James,P,Oregon,137.25759141011395,677,249.96835078825953,,0,0,0.0480678605089538,LOW,0,,0,539.742408589886,1
540,Kentrel Bullock,RB,South Alabama,187.99168253962515,443,250.21029474583042,,0,0,0.2686145146088596,LOW,0,,0,255.00831746037485,1
541,Nathan Leacock,WR,North Carolina,149.85735800908742,529,250.43939659500617,,0,0,0.1875589066918002,LOW,0,,0,379.1426419909126,1
542,Rahsul Faison,RB,South Carolina,218.1081383025067,316,250.60345935613563,,1,1,0.5598491988689914,MEDIUM,0,,0,97.89186169749331,1
543,Jaden Keller,LB,Virginia Tech,179.0956643775132,499,250.76350793134574,,0,0,0.2158341187558906,LOW,0,,0,319.90433562248677,1
544,Terion Stewart,RB,Virginia Tech,207.1283240654892,366,250.91960796652168,,0,0,0.3411875589066918,LOW,0,,0,158.8716759345108,1
545,Kyion Grayes,WR,California,142.23665592494757,562,250.9428349276943,,0,0,0.1564561734213006,LOW,0,,0,419.76334407505243,1
546,Dariel Djabome,LB,Rutgers,181.20450547288965,492,251.0505808076469,,0,0,0.2224316682375117,LOW,0,,0,310.79549452711035,1
547,Gavin Gerhardt,IOL,Cincinnati,197.9137487020194,457,251.33099896161553,,0,0,0.2554194156456174,LOW,0,,0,259.0862512979806,1
548,Byron Cardwell,RB,San Diego State,173.03256736467202,505,251.4430026058679,,0,0,0.2101790763430726,LOW,0,,0,331.967432635328,1
549,Ryan Niblett,WR,Texas,152.4588108993745,524,251.52055890723582,,0,0,0.1922714420358152,LOW,0,,0,371.5411891006255,1
550,Kam Olds,EDGE,Kentucky,167.93766004910864,581,252.1501280392869,,0,0,0.1385485391140433,LOW,0,,0,413.0623399508913,1
551,Samuel M'Pemba,EDGE,Texas A&M,182.5538485190265,523,252.2430788152212,,0,0,0.1932139491046182,LOW,0,,0,340.4461514809735,1
552,Preston Stone,QB,Northwestern,146.09754816889915,615,253.2548043947228,,0,0,0.1065032987747408,LOW,0,,0,468.90245183110085,1
553,Dequan Finn,QB,Miami (OH),175.1076942779004,503,253.2629212819238,,0,0,0.2120640904806786,LOW,0,,0,327.8923057220996,1
554,Kelvin Gilliam,DL,Virginia Tech,151.28233304042718,624,253.78717857173808,,0,0,0.0980207351555137,LOW,0,,0,472.71766695957285,1
555,Ethan Onianwa,OT,Ohio State,206.61324703003137,356,253.91103095054333,,2,1,0.5221489161168708,MEDIUM,0,,0,149.38675296996863,1
556,Payton Zdroik,DL,Air Force,131.25754848497934,712,254.56735092737983,,0,0,0.0150801131008482,LOW,0,,0,580.7424515150207,1
557,Denver Harris,CB,UNLV,165.51513612262167,546,254.68561089217192,,0,0,0.1715362865221489,LOW,0,,0,380.4848638773783,1
558,Tyler Perkins,P,Iowa State,162.81038886003682,599,254.81058874819783,,0,0,0.121583411875589,LOW,0,,0,436.1896111399632,1
559,Tristan Leigh,OT,Clemson,209.37159615236865,350,254.91771024841316,,2,1,0.5278039585296889,MEDIUM,0,,0,140.62840384763135,1
560,Dominic Bailey,EDGE,Tennessee,145.80001757581917,685,255.24001406065534,,0,0,0.0405278039585296,LOW,0,,0,539.1999824241808,1
561,TreVonte Citizen,RB,McNeese State,167.19869916967065,556,255.37590804986684,,0,0,0.1621112158341187,LOW,0,,0,388.80130083032935,1
562,Jahmeer Carter,DL,Virginia,130.81638668246617,715,255.6144214853693,,0,0,0.0122525918944392,LOW,0,,0,584.1836133175339,1
563,Braxton Fely,DL,Boise State,163.48225732789314,585,255.74711800171085,,0,0,0.1347785108388312,LOW,0,,0,421.51774267210686,1
564,Jameial Lyons,EDGE,Penn State,186.4777072676714,525,255.78216581413713,,0,0,0.1913289349670122,LOW,0,,0,338.5222927323286,1
565,Devin Voisin,WR,South Alabama,166.77364749762648,493,255.97242818583743,,0,0,0.2214891611687087,LOW,0,,0,326.2263525023735,1
566,Bert Auburn,K,Miami (FL),142.81440769614665,678,256.3674865581682,,0,0,0.0471253534401507,LOW,0,,0,535.1855923038534,1
567,Myles Rowser,S,Arizona State,185.28871896340027,508,256.7057425335247,,0,0,0.2073515551366635,LOW,0,,0,322.71128103659976,1
568,Delby Lemieux,IOL,Dartmouth,224.602066259365,388,257.281653007492,,0,0,0.3204524033930254,LOW,0,,0,163.397933740635,1
569,Demon Clowney,EDGE,South Carolina,147.04229079396242,691,257.43383263516995,,0,0,0.0348727615457116,LOW,0,,0,543.9577092060376,1
570,A'Marion McCoy,CB,Boise State,169.00253309826127,544,257.8755284726836,,0,0,0.1734213006597549,LOW,0,,0,374.99746690173873,1
571,Jameson Geers,TE,Minnesota,188.2913453255016,483,257.9274477028689,,0,0,0.2309142318567389,LOW,0,,0,294.7086546744984,1
572,Jaylon Glover,RB,UNLV,171.21453230906,549,257.9885745613783,,0,0,0.1687087653157398,LOW,0,,0,377.78546769094,1
573,Luke Basso,LS,Oregon,214.2416636569287,376,258.0082855017666,,0,0,0.3317624882186616,LOW,0,,0,161.7583363430713,1
574,Andrew Paul,RB,Jacksonville State,161.02126550844955,593,258.6339611208899,,0,0,0.1272384542884071,LOW,0,,0,431.9787344915504,1
575,Raymond Cottrell,WR,West Alabama,161.97941254612974,531,258.93704022464004,,0,0,0.1856738925541941,LOW,0,,0,369.02058745387023,1
576,Connor Tollison,IOL,Missouri,213.32359122463504,434,259.0588729797081,,0,0,0.2770970782280867,LOW,0,,0,220.67640877536496,1
577,Nyland Green,CB,Arizona State,146.65945396836685,641,259.40106516876807,,0,0,0.0819981149858624,LOW,0,,0,494.34054603163315,1
578,Nick Dawkins,IOL,Penn State,213.81604176220196,436,259.5528334097616,,1,1,0.4467483506126296,MEDIUM,0,,0,222.18395823779804,1
579,Kobe Prentice,WR,Baylor,154.34680890900498,557,259.6309573149402,,0,0,0.1611687087653157,LOW,0,,0,402.65319109099505,1
580,Prince Kollie,LB,Vanderbilt,160.78854979552426,617,259.7178162657546,,0,0,0.1046182846371347,LOW,0,,0,456.21145020447574,1
581,Jackson Lee,LS,Florida Atlantic,160.6811516630898,603,259.75987590669547,,0,0,0.1178133836003769,LOW,0,,0,442.3188483369102,1
582,Bryce Carter,DL,Texas State,154.46643999572993,642,259.9344641359803,,0,0,0.0810556079170593,LOW,0,,0,487.53356000427004,1
583,John Bock II,IOL,Tulane,179.60042903854287,578,260.08034323083433,,0,0,0.1413760603204524,LOW,0,,0,398.39957096145713,1
584,Beau Gardner,LS,Georgia,216.9742220407523,377,260.39433220882546,,0,0,0.3308199811498586,LOW,0,,0,160.0257779592477,1
585,Holden Staes,TE,Indiana,174.75994806910688,550,260.5023298977531,,0,0,0.1677662582469368,LOW,0,,0,375.2400519308931,1
586,Walker Parks,IOL,Clemson,207.43137777032672,470,261.5451022162614,,0,0,0.2431668237511781,LOW,0,,0,262.5686222296733,1
587,Squirrel White,WR,Florida State,188.29187665113702,431,261.58701150864584,,0,0,0.2799245994344957,LOW,0,,0,242.70812334886298,1
588,Dylan Rosiek,LB,Illinois,149.51703336898453,672,261.7006031245228,,0,0,0.0527803958529688,LOW,0,,0,522.4829666310154,1
589,Jaffer Murphy,K,UTSA,201.04548464168903,476,261.7523481146021,,0,0,0.23751178133836,LOW,0,,0,274.95451535831097,1
590,Clayton Smith,EDGE,Arizona State,162.1916461070562,652,261.75331688564495,,0,0,0.0716305372290291,LOW,0,,0,489.80835389294384,1
591,Kansei Matsuzawa,K,Hawaii,201.21048093990186,477,262.08434515317236,,0,0,0.236569274269557,LOW,0,,0,275.78951906009814,1
592,C.J. Williams,WR,Stanford,155.83111617665222,564,262.218403129058,,0,0,0.1545711592836946,LOW,0,,0,408.16888382334776,1
593,Jakari Foster,S,Louisiana Tech,191.29790289599282,517,262.51308967959875,,0,0,0.1988689915174363,LOW,0,,0,325.7020971040072,1
594,Richard Reese,RB,Stephen F. Austin,168.19819345080293,589,262.7755034747726,,0,0,0.1310084825636192,LOW,0,,0,420.80180654919707,1
595,Giovanni El-Hadi,IOL,Michigan,218.52256485022005,432,262.8180518801761,,0,0,0.2789820923656927,LOW,0,,0,213.47743514977995,1
596,Jayden Ballard,WR,Wisconsin,139.11620697638855,635,263.0464757688471,,0,0,0.0876531573986804,LOW,0,,0,495.8837930236115,1
597,Kam Dewberry,IOL,Alabama,211.46413506642475,462,263.1713080531398,,0,0,0.2507068803016022,LOW,0,,0,250.53586493357525,1
598,Jayden Williams,OT,Mississippi,205.15761388469576,416,263.4465244342748,,1,1,0.4655984919886899,MEDIUM,0,,0,210.84238611530424,1
599,Omar Aigbedion,IOL,Baylor,176.35144604822784,604,263.4811568385823,,0,0,0.1168708765315739,LOW,0,,0,427.64855395177216,1
600,Ethan Calvert,LB,Cal Poly,166.49581254180433,622,263.6836264627786,,0,0,0.0999057492931197,LOW,0,,0,455.5041874581957,1
601,Gavin Gibson,CB,North Carolina,163.27748939425265,597,263.8954935094767,,0,0,0.1234684260131951,LOW,0,,0,433.72251060574735,1
602,Pete Nygra,IOL,Louisville,206.456025218415,489,264.56482017473206,,0,0,0.2252591894439208,LOW,0,,0,282.543974781585,1
603,Trevonte Sylvester,OT,Louisville,209.6222171665905,402,266.1182070597906,,0,0,0.3072573044297832,LOW,0,,0,192.3777828334095,1
604,Nate Rutchena,TE,UC Davis,143.04811735666127,713,266.1328653277966,,0,0,0.0141376060320452,LOW,0,,0,569.9518826433388,1
605,Dorion Strawn,OT,Texas State,145.82027221801877,659,266.4766511009333,,0,0,0.0650329877474081,LOW,0,,0,513.1797277819812,1
606,Reid Carrico,LB,West Virginia,171.44440928756458,612,267.2425038593869,,0,0,0.1093308199811498,LOW,0,,0,440.55559071243545,1
607,Jerry Wilson,CB,Florida State,170.36689195865523,586,267.36701556099877,,0,0,0.1338360037700282,LOW,0,,0,415.63310804134477,1
608,Bruno Onwuazor,OT,Virginia State,206.64737292932773,429,267.53833166998044,,0,0,0.2818096135721017,LOW,0,,0,222.35262707067227,1
609,Jaylin Davies,CB,Oklahoma State,154.77648455797603,650,267.6946896404554,,0,0,0.0735155513666352,LOW,0,,0,495.223515442024,1
610,Roy Williams,EDGE,Northern Illinois,166.10812432202985,671,267.8864994576239,,0,0,0.0537229029217719,LOW,0,,0,504.8918756779701,1
611,Rocco Spindler,IOL,Nebraska,212.5867733884522,487,269.0694187107618,,0,0,0.2271442035815268,LOW,0,,0,274.41322661154777,1
612,Bryan McCoy,LB,Oklahoma State,176.98356698940844,600,269.2738300208619,,0,0,0.120640904806786,LOW,0,,0,423.0164330105915,1
613,JoJo Earle,WR,UNLV,152.83840449039158,616,269.4242337800495,,0,0,0.1055607917059378,LOW,0,,0,463.16159550960845,1
614,Jacolby Spells,CB,West Virginia,179.57985027133395,561,269.7373822111418,,0,0,0.1573986804901036,LOW,0,,0,381.42014972866605,1
615,Ka'ena Decambra,IOL,Arizona,207.27046602096195,512,269.81637281676956,,0,0,0.2035815268614514,LOW,0,,0,304.729533979038,1
616,Trevion Cooley,RB,Troy,170.26478118647466,613,270.02877366331006,,0,0,0.1083883129123468,LOW,0,,0,442.7352188135253,1
617,Riley Mahlman,OT,Wisconsin,229.03826617149286,344,270.0510462637125,,0,0,0.3619227144203581,LOW,0,,0,114.96173382850714,1
618,Tay Yanta II,IOL,North Texas,157.34235241057388,719,270.47388192845915,,0,0,0.0084825636192271,LOW,0,,0,561.6576475894261,1
619,Justus Ross-Simmons,WR,Syracuse,160.74034092089866,587,270.74578292445517,,0,0,0.1328934967012252,LOW,0,,0,426.2596590791013,1
620,Keli Lawson,LB,UCF,171.96430142490397,630,271.25841756925837,,0,0,0.0923656927426955,LOW,0,,0,458.03569857509603,1
621,Kevorian Barnes,RB,TCU,206.6083374989651,474,272.1036187133024,,0,0,0.239396795475966,LOW,0,,0,267.3916625010349,1
622,Josh Kattus,TE,Kentucky,182.44247823466057,580,272.64835403019606,,0,0,0.1394910461828464,LOW,0,,0,397.5575217653394,1
623,Raesjon Davis,LB,Oregon State,176.74383203896656,618,272.6820420605084,,0,0,0.1036757775683317,LOW,0,,0,441.25616796103344,1
624,Ben Bell,EDGE,Virginia Tech,162.79593209634072,707,273.2367456770726,,0,0,0.0197926484448633,LOW,0,,0,544.2040679036593,1
625,Jaylon Braxton,CB,Mississippi,194.66479555567585,528,273.6053384386153,,0,0,0.1885014137606032,LOW,0,,0,333.3352044443242,1
626,Devin Neal,S,Virginia,159.7025586667662,700,274.6368142962175,,0,0,0.0263901979264844,LOW,0,,0,540.2974413332338,1
627,Jeremiah Earby,CB,Boise State,181.37905532790234,579,274.7767462563965,,0,0,0.1404335532516494,LOW,0,,0,397.62094467209766,1
628,Barika Kpeenu,RB,North Dakota State,163.6805095119086,664,274.9613563236572,,0,0,0.060320452403393,LOW,0,,0,500.3194904880914,1
629,Chris Hilton,WR,LSU,213.81565829335835,392,275.1060368224229,,1,1,0.4882186616399623,MEDIUM,0,,0,178.18434170664165,1
630,Joe Cooper,OT,Slippery Rock,218.43298310611618,424,275.9668198114112,,0,0,0.2865221489161168,LOW,0,,0,205.56701689388382,1
631,Antonio Clary,S,Virginia,155.60943904435157,725,276.36231859828575,,0,0,0.002827521206409,LOW,0,,0,569.3905609556484,1
632,Jordan Pollard,LB,San Jose State,186.97110508708485,602,276.86386049900307,,0,0,0.11875589066918,LOW,0,,0,415.0288949129151,1
633,Tyler Duzansky,LS,Penn State,227.13525580655937,419,276.92315922147117,,0,0,0.291234684260132,LOW,0,,0,191.86474419344063,1
634,Malik Spencer,S,Michigan State,192.85040045962492,582,276.95508773050443,,2,1,0.3091423185673891,MEDIUM,0,,0,389.1495995403751,1
635,Leon Lowery Jr.,LB,Illinois,159.47296334740727,709,277.065347107261,,0,0,0.0179076343072573,LOW,0,,0,549.5270366525928,1
636,Xavion Alford,S,Arizona State,166.3857518380551,686,277.1833688332486,,0,0,0.0395852968897266,LOW,0,,0,519.6142481619449,1
637,Sean Brown,LB,NC State,170.18447303993304,673,278.4345548612816,,0,0,0.0518378887841658,LOW,0,,0,502.81552696006696,1
638,D.Q. Smith,S,South Carolina,220.81841397330248,475,278.5294985414465,,0,0,0.238454288407163,LOW,0,,0,254.18158602669752,1
639,Rasheed Miller,OT,Louisville,209.6222171665905,465,278.71820705979064,,0,0,0.2478793590951932,LOW,0,,0,255.3777828334095,1
640,Zen Michalski,OT,Indiana,172.41326655928486,614,278.7510465739461,,0,0,0.1074458058435438,LOW,0,,0,441.58673344071514,1
641,Dacari Collins,WR,Louisville,164.10354922414035,620,280.03634956704855,,0,0,0.1017907634307257,LOW,0,,0,455.89645077585965,1
642,Jordan Favors,S,Appalachian State,180.0297082647673,654,280.09853397461836,,0,0,0.0697455230914231,LOW,0,,0,473.9702917352327,1
643,Reggie Grimes,EDGE,Memphis,180.20234754019467,680,280.96187803215577,,0,0,0.0452403393025447,LOW,0,,0,499.79765245980536,1
644,Amari Niblack,TE,Texas A&M,199.38095909910402,555,281.19913872175084,,0,0,0.1630537229029218,LOW,0,,0,355.619040900896,1
645,Jason Henderson,LB,Old Dominion,181.33633043758073,653,282.5560407793997,,0,0,0.0706880301602261,LOW,0,,0,471.6636695624193,1
646,David Daniel-Sisavanh,S,Troy,187.59896200070716,633,282.7539369633702,,0,0,0.0895381715362865,LOW,0,,0,445.40103799929284,1
647,Deion Colzie,WR,Miami (OH),164.57073127430564,636,282.8100952071808,,0,0,0.0867106503298774,LOW,0,,0,471.4292687256943,1
648,Malik McClain,WR,Arizona State,166.05800410206263,628,283.1999134693864,,0,0,0.0942507068803015,LOW,0,,0,461.9419958979374,1
649,Alex Wollschlaeger,OT,Kentucky,233.4616750011712,393,283.3897733274552,,0,0,0.3157398680490104,LOW,0,,0,159.5383249988288,1
650,Braylin Presley,WR,Tulsa,187.30661203096608,548,283.39879981250914,,0,0,0.1696512723845429,LOW,0,,0,360.6933879690339,1
651,Shyheim Brown,S,Florida State,181.08835953515793,661,283.9454549909309,,0,0,0.063147973609802,LOW,0,,0,479.9116404648421,1
652,Ja'Varrius Johnson,WR,UCF,143.78615708952972,721,283.98243585936007,,0,0,0.006597549481621,LOW,0,,0,577.2138429104702,1
653,Avante Dickerson,CB,Arkansas State,183.5486009718454,621,284.1123827715509,,0,0,0.1008482563619227,LOW,0,,0,437.4513990281546,1
654,Maurice Westmoreland,EDGE,Tulane,202.9479818876814,605,284.15838551014514,,0,0,0.1159283694627709,LOW,0,,0,402.0520181123186,1
655,Bakyne Coly,OT,Purdue,205.93174892525735,507,284.1658324667241,,0,0,0.2082940622054665,LOW,0,,0,301.06825107474265,1
656,Logan Diggs,RB,Mississippi,176.56864581022506,667,285.07186536231035,,0,0,0.057492931196984,LOW,0,,0,490.43135418977494,1
657,Savion Red,RB,Sacramento State,198.6590949545686,575,285.1442246777852,,0,0,0.1442035815268614,LOW,0,,0,376.34090504543144,1
658,Joseph Manjack IV,WR,TCU,159.6271500550097,669,286.25523023174406,,0,0,0.0556079170593779,LOW,0,,0,509.3728499449903,1
659,Cade McConnell,IOL,Vanderbilt,207.3663460318159,596,286.69307682545275,,0,0,0.1244109330819981,LOW,0,,0,388.6336539681841,1
660,Chamon Metayer,TE,Arizona State,180.73917750525933,658,286.8857134466751,,0,0,0.0659754948162111,LOW,0,,0,477.26082249474064,1
661,Stefon Thompson,LB,Florida State,172.2438873730643,708,287.0820863277866,,0,0,0.0188501413760603,LOW,0,,0,535.7561126269356,1
662,Isaiah Jatta,OT,BYU,215.87780063549187,484,287.52267383491176,,0,0,0.2299717247879359,LOW,0,,0,268.1221993645081,1
663,Reuben Unije,OT,UCLA,209.1441349544621,513,287.93574129008795,,0,0,0.2026390197926484,LOW,0,,0,303.85586504553794,1
664,Van Wells,IOL,Oregon State,210.5110274563809,590,288.00882196510474,,0,0,0.1300659754948162,LOW,0,,0,379.48897254361907,1
665,Jerand Bradley,WR,Kansas State,163.03182542472973,666,288.07897052752,,1,1,0.2299717247879359,MEDIUM,0,,0,502.96817457527027,1
666,Derek Simmons,OT,Oklahoma,219.69518508955548,479,289.57658139816266,,0,0,0.2346842601319509,LOW,0,,0,259.3048149104445,1
667,Sage Ryan,S,Mississippi,203.101970505216,610,289.7563437669773,,0,0,0.1112158341187558,LOW,0,,0,406.898029494784,1
668,Damarius McGhee,CB,Florida Atlantic,184.34326945787345,647,289.94811756037336,,0,0,0.0763430725730443,LOW,0,,0,462.6567305421265,1
669,Cole Hutson,IOL,Texas,218.18972603981837,569,289.95178083185476,,0,0,0.1498586239396795,LOW,0,,0,350.81027396018163,1
670,Gilber Edmond,EDGE,South Carolina,184.40939439946575,706,290.32751551957267,,0,0,0.0207351555136663,LOW,0,,0,521.5906056005342,1
671,Bangally Kamara,LB,Kansas,180.19034246710686,695,290.8392504030207,,0,0,0.0311027332704994,LOW,0,,0,514.8096575328932,1
672,Rocco Underwood,LS,Florida,231.89440700384645,473,291.5304801793008,,0,0,0.240339302544769,LOW,0,,0,241.10559299615355,1
673,J.Q. Hardaway,CB,Kentucky,206.8745882190288,567,292.7731725692976,,0,0,0.1517436380772855,LOW,0,,0,360.1254117809712,1
674,Savion Byrd,IOL,SMU,206.34683796903263,631,292.87747037522615,,0,0,0.0914231856738925,LOW,0,,0,424.65316203096734,1
675,Aki Ogunbiyi,IOL,Colorado,195.4456386082602,681,294.1565108866082,,0,0,0.0442978322337417,LOW,0,,0,485.5543613917398,1
676,Malcolm Greene,S,UMass,188.02208168043708,694,294.4924327071542,,0,0,0.0320452403393025,LOW,0,,0,505.97791831956295,1
677,Raheem Anderson,IOL,Western Michigan,207.27012486014553,643,295.21609988811645,,0,0,0.0801131008482563,LOW,0,,0,435.72987513985447,1
678,Cade Zimmerly,IOL,Bowling Green,199.6496433236888,675,295.51971465895105,,0,0,0.0499528746465598,LOW,0,,0,475.3503566763112,1
679,Garrison Grimes,LS,BYU,229.85849101717596,504,296.10174738996443,,0,0,0.2111215834118756,LOW,0,,0,274.141508982824,1
680,Key Lawrence,CB,UCLA,180.05153949884368,692,296.3147335931496,,0,0,0.0339302544769086,LOW,0,,0,511.9484605011563,1
681,Jayden Thomas,WR,Virginia,175.32466616286422,660,297.0132431180277,,0,0,0.0640904806786051,LOW,0,,0,484.6753338371358,1
682,Jared Brown,WR,South Carolina,174.83403466276002,663,297.2207379179443,,0,0,0.061262959472196,LOW,0,,0,488.16596533724,1
683,Andrel Anthony,WR,Duke,175.19511913011243,662,297.3096054918262,,0,0,0.062205466540999,LOW,0,,0,486.8048808698876,1
684,Xavier Hill,IOL,Colorado,195.4456386082602,701,298.1565108866082,,0,0,0.0254476908576814,LOW,0,,0,505.5543613917398,1
685,Stephen Dix Jr.,LB,Arkansas,189.66226631610652,697,298.8167894822204,,0,0,0.0292177191328934,LOW,0,,0,507.3377336838935,1
686,Donavon Greene,WR,Virginia Tech,162.45044248281917,723,299.3138641739916,,0,0,0.004712535344015,LOW,0,,0,560.5495575171808,1
687,Isheem Young,S,Memphis,184.9257865673247,727,299.4153966166643,,0,0,0.000942507068803,LOW,0,,0,542.0742134326753,1
688,Will Shaffer,LB,Abilene Christian,188.9456424187779,711,299.4434903643575,,0,0,0.0160226201696512,LOW,0,,0,522.0543575812221,1
689,Izavion Miller,OT,Auburn,224.0014713043305,515,300.22161036998267,,0,0,0.2007540056550423,LOW,0,,0,290.9985286956695,1
690,Armoni Goodwin,RB,UT Martin,207.7298445908238,619,300.40082438678934,,0,0,0.1027332704995287,LOW,0,,0,411.2701554091762,1
691,Cade McNamara,QB,East Tennessee State,181.48751894087576,722,301.3667810123041,,0,0,0.005655042412818,LOW,0,,0,540.5124810591242,1
692,Jordan White,IOL,Vanderbilt,207.3663460318159,702,307.8930768254528,,0,0,0.0245051837888784,LOW,0,,0,494.6336539681841,1
693,Jeff Sims,QB,Arizona State,197.7781404073412,684,308.3992781854765,,0,0,0.0414703110273327,LOW,0,,0,486.2218595926588,1
694,Terrence Ferguson II,IOL,Syracuse,221.330296858716,649,308.4642374869728,,0,0,0.0744580584354382,LOW,0,,0,427.669703141284,1
695,Drew Pyne,QB,Bowling Green,197.93863914100095,688,308.52767717240425,,0,0,0.0377002827521206,LOW,0,,0,490.061360858999,1
696,Kyron Barnes,OT,Nicholls,218.43298310611618,591,309.3668198114112,,0,0,0.1291234684260132,LOW,0,,0,372.5670168938838,1
697,Bram Walden,IOL,Arizona State,222.73746525456107,648,309.3899722036489,,0,0,0.0754005655042413,LOW,0,,0,425.2625347454389,1
698,Turner Corcoran,IOL,Nebraska,212.5867733884522,689,309.46941871076183,,0,0,0.0367577756833176,LOW,0,,0,476.41322661154777,1
699,Chad Lindberg,IOL,North Carolina,214.33714541834166,682,309.46971633467336,,0,0,0.0433553251649387,LOW,0,,0,467.66285458165834,1
700,Luke Petitbon,IOL,Florida State,208.6777034506125,710,310.54216276049004,,0,0,0.0169651272384543,LOW,0,,0,501.3222965493875,1
701,J.P. Benzschawel,IOL,Wisconsin,224.05913494653146,651,311.04730795722526,,0,0,0.0725730442978321,LOW,0,,0,426.94086505346854,1
702,Christian Leary,WR,Western Michigan,199.2316161541649,644,312.13880311106817,,0,0,0.0791705937794533,LOW,0,,0,444.7683838458351,1
703,Jalen Berger,RB,UCLA,199.68067983486102,703,312.36149258201914,,0,0,0.0235626767200753,LOW,0,,0,503.31932016513895,1
704,Darian Chestnut,CB,Syracuse,209.4716342891628,655,312.4508094254049,,0,0,0.0688030160226201,LOW,0,,0,445.5283657108372,1
705,Teddy Prochazka,OT,Nebraska,210.23780373299724,634,313.010676312916,,0,0,0.0885956644674834,LOW,0,,0,423.76219626700276,1
706,L.J. Johnson Jr.,RB,California,218.40430919126976,632,313.1403960671461,,0,0,0.0904806786050895,LOW,0,,0,413.59569080873024,1
707,Reuben Fatheree II,OT,Texas A&M,210.34217397883194,637,313.6941725095838,,0,0,0.0857681432610744,LOW,0,,0,426.65782602116803,1
708,Kamryn Waites,IOL,Florida,221.784744737905,676,314.2277957903241,,0,0,0.0490103675777568,LOW,0,,0,454.215255262095,1
709,Kyron Ware-Hudson,WR,Penn State,204.77972197954864,639,316.37728777137517,,0,0,0.0838831291234684,LOW,0,,0,434.22027802045136,1
710,Tyree Skipper,S,Louisiana-Lafayette,210.13224974148517,717,316.7805671559926,,0,0,0.0103675777568331,LOW,0,,0,506.86775025851483,1
711,Ashton Grable,IOL,Florida A&M,226.91307380493956,679,317.3304590439517,,0,0,0.0461828463713477,LOW,0,,0,452.0869261950604,1
712,Ben Coleman,IOL,Arizona State,212.83344018345693,728,317.46675214676554,,0,0,0.0,LOW,0,,0,515.1665598165431,1
713,Cam Porter,RB,Northwestern,204.50772341761152,714,317.8231274482195,,2,1,0.1847313854853911,MEDIUM,0,,0,509.4922765823885,1
714,Dominic Richardson,RB,Tulsa,204.36634722000684,716,317.9100264901358,,0,0,0.0113100848256362,LOW,0,,0,511.63365277999316,1
715,Lance St. Louis,LS,Texas,233.39087735376765,601,318.32765645923774,,0,0,0.119698397737983,LOW,0,,0,367.6091226462323,1
716,Kadarius Calloway,RB,New Mexico State,223.92319488430232,640,318.35550462157215,,0,0,0.0829406220546654,LOW,0,,0,416.07680511569765,1
717,D.J. Graham,CB,Kansas,205.2870423539082,705,319.10313587720117,,0,0,0.0216776625824693,LOW,0,,0,499.7129576460918,1
718,Tosh Baker,OT,Notre Dame,210.33878819218927,687,322.0914638802696,,0,0,0.0386427898209236,LOW,0,,0,476.66121180781073,1
719,Ryan Mosesso,OT,UMass,218.43298310611618,665,324.16681981141113,,0,0,0.05937794533459,LOW,0,,0,446.5670168938838,1
720,Courtland Ford,OT,UCLA,209.1441349544621,698,324.93574129008795,,0,0,0.0282752120640904,LOW,0,,0,488.85586504553794,1
721,Roydell Williams,RB,Florida State,218.86401575895542,693,325.70816132129465,,0,0,0.0329877474081055,LOW,0,,0,474.1359842410446,1
722,Mason Murphy,OT,Auburn,224.0014713043305,657,328.62161036998265,,0,0,0.0669180018850141,LOW,0,,0,432.9985286956695,1
723,Matthew Bedford,OT,Oregon,208.8207204802219,726,330.2770097106958,,0,0,0.001885014137606,LOW,0,,0,517.1792795197781,1
724,Alton McCaskill IV,RB,Sam Houston State,232.5869789628646,674,332.886531884422,,0,0,0.0508953817153628,LOW,0,,0,441.4130210371354,1
725,E.J. Smith,RB,Texas A&M,227.2935831066607,696,333.05181519945893,,0,0,0.0301602262016964,LOW,0,,0,468.70641689333934,1
726,Zach Calzada,QB,Kentucky,223.77893526022194,724,337.1999140677811,,0,0,0.003770028275212,LOW,0,,0,500.22106473977806,1
727,Matthew Sluka,QB,James Madison,229.31614157148363,720,340.02967911679036,,0,0,0.0075400565504241,LOW,0,,0,490.6838584285164,1
