final_rank,player,position,school,independent_grade,independent_tier,confidence,raw_model_pred,reasoning_delta,visit_count,has_injury_flag,ras_score,age
1,Fernando Mendoza,QB,Indiana,-20.225315866758564,R1,MEDIUM,3.8799777894000407,-24.105293656158604,2,1,,21.0
2,Jeremiyah Love,RB,Notre Dame,-17.08122051434789,R1,HIGH,8.0,-25.081220514347887,1,1,0.0,21.0
3,Arvell Reese,LB,Ohio State,-16.46120942826593,R1,HIGH,6.0,-22.46120942826593,2,1,9.8,21.0
4,David Bailey,EDGE,Texas Tech,-13.933972309683782,R1,HIGH,5.68202769031622,-19.616,2,1,0.0,22.0
5,Francis Mauigoa,OT,Miami (FL),-11.679826669392709,R1,HIGH,10.0,-21.679826669392707,1,1,,21.0
6,Sonny Styles,LB,Ohio State,-8.680209428265929,R1,HIGH,9.0,-17.68020942826593,2,1,9.99,22.0
7,Caleb Downs,S,Ohio State,-7.738093054878208,R1,HIGH,12.0,-19.73809305487821,1,1,,21.0
8,Jordyn Tyson,WR,Arizona State,15.15506535943593,R1,MEDIUM,25.10966128434144,-9.95459592490551,2,1,,21.0
9,Rueben Bain,EDGE,Miami (FL),-5.221794363267758,R1,MEDIUM,15.02620563673224,-20.248,1,1,,21.0
10,Carnell Tate,WR,Ohio State,-3.154595924905511,R1,HIGH,11.0,-14.154595924905507,2,1,0.0,21.0
11,Akheem Mesidor,EDGE,Miami (FL),-1.4279968349285728,R1,MEDIUM,18.356003165071428,-19.784,3,1,,22.0
12,Dillon Thieneman,S,Oregon,-1.309480176790128,R1,HIGH,18.774921473763342,-20.084401650553477,2,1,6.78308595675268,21.0
13,Mansoor Delane,CB,LSU,-0.7065992023701675,R1,HIGH,14.0,-14.70659920237017,2,1,,22.0
14,Emmanuel Pregnon,IOL,Oregon,71.8556898721504,R1,MEDIUM,96.14323689226352,-24.28754702011312,1,1,1.9439880968861112,22.0
15,Anez Cooper,IOL,Miami (FL),141.7880231792327,R1,LOW,144.98802317923273,-3.2,0,1,,22.0
16,Nick Singleton,RB,Penn State,72.68873415796516,R1,MEDIUM,81.2039879958017,-8.515253837836553,1,0,,
17,Olaivavega Ioane,IOL,Penn State,0.5519999999999996,R1,MEDIUM,20.0,-19.448,1,1,1.326878310582711,21.0
18,Jaishawn Barham,LB,Michigan,72.31274855069503,R1,MEDIUM,91.0,-18.687251449304988,2,1,0.0,22.0
19,Derrick Moore,EDGE,Michigan,107.67375729587717,R1,MEDIUM,123.91375729587716,-16.240000000000002,2,1,,22.0
20,Spencer Fano,OT,Utah,1.099088987848372,R1,HIGH,15.0,-13.900911012151628,1,0,7.210843427589211,21.0
21,DeMonte Capehart,DL,Clemson,80.66481220509338,R1,MEDIUM,95.42005336707707,-14.755241161983689,1,1,0.0,22.0
22,Domonique Orange,DL,Iowa State,85.07224260796576,R1,MEDIUM,92.5629507397408,-7.490708131775055,1,1,,22.0
23,Zxavian Harris,DL,Mississippi,103.22131213939636,R1,MEDIUM,121.0,-17.778687860603643,2,1,,
24,Brandon Cleveland,DL,NC State,145.23253279883946,R1,MEDIUM,147.49122065944312,-2.2586878606036445,1,1,0.0,22.0
25,Albert Regis,DL,Texas A&M,148.01658085655512,R1,LOW,144.8552687171588,3.161312139396357,0,1,0.0,22.0
26,Makai Lemon,WR,USC,2.9958060795865435,R1,HIGH,14.750402004492052,-11.75459592490551,2,1,,21.0
27,Ty Simpson,QB,Alabama,3.195302594872306,R1,MEDIUM,18.90059625103091,-15.705293656158606,2,1,,21.0
28,Kadyn Proctor,OT,Alabama,3.529727609571186,R1,HIGH,16.4135802716492,-12.883852662078016,1,1,5.040259926853072,21.0
29,Kenyon Sadiq,TE,Oregon,5.021748576987051,R1,HIGH,21.0,-15.978251423012953,2,1,0.0,21.0
30,Justin Joly,TE,NC State,122.77851175123932,R1,MEDIUM,137.22414030877167,-14.44562855753238,2,1,,22.0
31,Tyler Onyedim,DL,Texas A&M,81.359971132865,R1,MEDIUM,92.84705389446412,-11.487082761599131,2,1,0.0,22.0
32,Monroe Freeling,OT,Georgia,14.111511056942646,R1,HIGH,29.89603401518496,-15.78452295824232,2,1,8.366962888496124,21.0
33,C.J. Allen,LB,Georgia,59.10749279341468,R2,MEDIUM,73.0,-13.892507206585318,0,1,,
34,Keldric Faulk,EDGE,Auburn,14.337126258271775,R2,HIGH,33.785126258271774,-19.448,1,1,0.0,21.0
35,Sam Hecht,IOL,Kansas State,109.2553684135266,R2,MEDIUM,128.8753684135266,-19.62,1,0,0.389893161058759,22.0
36,Connor Lew,IOL,Auburn,75.25146885716288,R2,MEDIUM,88.25943188571121,-13.007963028548303,1,1,9.253837913255566,21.0
37,Kage Casey,OT,Boise State,159.48316035581178,R2,LOW,155.26272702929356,4.220433326518233,0,1,2.893972290105085,21.0
38,Trey Zuhn III,OT,Texas A&M,71.37815099447978,R2,MEDIUM,81.0,-9.621849005520232,2,1,8.090721303365816,22.0
39,Josh Cameron,WR,Baylor,140.05822818304267,R2,MEDIUM,129.02471799530645,11.033510187736226,1,1,,22.0
40,Kevin Coleman Jr.,WR,Missouri,176.3170711314009,R2,MEDIUM,161.78356094366467,14.533510187736226,1,1,0.0,22.0
41,Colton Hood,CB,Tennessee,15.078596677335964,R2,HIGH,30.019312607422563,-14.940715930086608,2,1,7.341167277164375,20.0
42,Harold Perkins,LB,LSU,64.90398215511944,R2,MEDIUM,76.15279205419931,-11.248809899079871,2,1,,21.0
43,Bryce Boettcher,LB,Oregon,125.53917505354424,R2,MEDIUM,142.67219862420905,-17.13302357066482,1,1,,22.0
44,Deontae Lawson,LB,Alabama,137.19822437190658,R2,LOW,143.3112479425714,-6.11302357066482,0,1,,22.0
45,Jimmy Rolder,LB,Michigan,143.4337630879872,R2,MEDIUM,159.58678665865202,-16.15302357066482,2,1,0.0,22.0
46,Justin Jefferson,LB,Alabama,160.58069513593975,R2,MEDIUM,163.5337187066046,-2.953023570664822,2,1,0.0,22.0
47,Jalon Kilgore,S,South Carolina,15.554222737692978,R2,HIGH,33.0,-17.445777262307026,1,1,6.0768420742881695,21.0
48,Denzel Boston,WR,Washington,23.696562938792297,R2,MEDIUM,33.6511588636978,-9.95459592490551,2,1,0.0,21.0
49,Keionte Scott,CB,Miami (FL),108.93350199407458,R2,MEDIUM,121.0,-12.066498005925425,2,1,,22.0
50,Zakee Wheatley,S,Penn State,76.38537666829231,R2,MEDIUM,96.0,-19.614623331707698,2,1,4.44029312273641,22.0
51,Malik Muhammad,CB,Texas,78.32468681460787,R2,MEDIUM,91.0,-12.675313185392133,1,1,7.523445504278253,21.0
52,Kamari Ramsey,S,USC,78.615597384742,R2,MEDIUM,91.05649270147768,-12.440895316735674,2,1,5.054500387115735,21.0
53,D'angelo Ponds,CB,Indiana,88.40869525981473,R2,MEDIUM,81.05423741195872,7.354457847856016,0,1,10.0,21.0
54,A.J. Haulcy,S,LSU,106.65476736280448,R2,MEDIUM,126.0,-19.34523263719552,1,1,6.174653920736533,22.0
55,Treydan Stukes,CB,Arizona,114.72470031486216,R2,MEDIUM,122.06956347285684,-7.344863157994691,2,1,7.713460608277065,22.0
56,Keith Abney II,CB,Arizona State,133.1164423393571,R2,LOW,136.34294034528256,-3.226498005925423,0,1,2.5611329297334766,21.0
57,Will Lee III,CB,Texas A&M,136.3625620703984,R2,MEDIUM,142.48426440343565,-6.121702333037206,1,1,8.100817308447127,22.0
58,VJ Payne,S,Kansas State,137.92400651943638,R2,LOW,145.2255115672216,-7.301505047785197,0,1,6.505089642358713,22.0
59,Jadon Canady,CB,Oregon,151.036351536777,R2,MEDIUM,147.38284954270244,3.653501994074576,1,1,,22.0
60,TJ Hall,CB,Iowa,162.88182095732788,R2,LOW,154.0120941990334,8.869726758294505,0,1,5.815100943120287,22.0
61,Hezekiah Masses,CB,California,170.36511816169164,R2,MEDIUM,167.1316161676171,3.233501994074576,2,1,4.70812709962053,22.0
62,Bishop Fitzgerald,S,USC,170.87297674200389,R2,LOW,168.79820937919942,2.0747673628044807,0,1,3.6901756972957145,22.0
63,Omar Cooper Jr.,WR,Indiana,16.236733231152847,R2,HIGH,26.02332915605836,-9.786595924905509,1,1,0.0,21.0
64,Blake Miller,OT,Clemson,23.75120431207345,R2,HIGH,36.84368572085025,-13.092481408776802,1,1,7.126547393840952,22.0
65,Ja'Kobi Lane,WR,USC,111.95351018773624,R3,LOW,111.0,0.9535101877362262,0,1,0.0,21.0
66,Antonio Williams,WR,Clemson,112.6135101877362,R3,MEDIUM,111.0,1.6135101877362246,2,1,0.0,21.0
67,Kayden McDonald,DL,Ohio State,17.120303215343547,R3,MEDIUM,34.191778359585,-17.071475144241457,2,1,,21.0
68,Max Iheanachor,OT,Arizona State,18.0900115240244,R3,HIGH,34.34243317700579,-16.252421652981397,1,1,6.725949835886883,22.0
69,Skyler Bell,WR,UConn,72.64114325206637,R3,MEDIUM,81.0,-8.358856747933654,1,1,0.0,22.0
70,Elijah Sarratt,WR,Indiana,125.0345666548418,R3,MEDIUM,114.00105646710556,11.033510187736226,1,1,,22.0
71,Deion Burks,WR,Oklahoma,160.95181413004937,R3,MEDIUM,159.01830394231314,1.9335101877362264,1,1,0.0,22.0
72,Emmanuel McNeil-Warren,S,Toledo,19.29010509535142,R3,HIGH,37.1827485048929,-17.89264340954148,2,1,5.665503546632739,22.0
73,Zachariah Branch,WR,Georgia,84.41988896520789,R3,MEDIUM,88.0,-3.5801110347921217,2,1,0.0,21.0
74,Chris Johnson,CB,San Diego State,20.563382081392973,R3,HIGH,35.21558815695131,-14.652206075558343,1,1,6.136068731881753,22.0
75,Jermod McCoy,CB,Tennessee,5.893400797629834,R3,HIGH,19.0,-13.10659920237017,2,1,2.1428388682633464,21.0
76,Malachi Lawrence,EDGE,UCF,21.79370467024296,R3,HIGH,41.35883636489709,-19.56513169465413,1,1,0.0,22.0
77,KC Concepcion,WR,Texas A&M,23.22404366900312,R3,MEDIUM,31.722639593908625,-8.498595924905509,0,0,,
78,Caleb Lomu,OT,Utah,23.62766461266797,R3,HIGH,36.9172994178504,-13.28963480518243,2,1,7.418081357897236,20.0
79,Eli Raridon,TE,Notre Dame,94.56345369421746,R3,MEDIUM,108.16908225174984,-13.60562855753238,0,1,0.0,22.0
80,C.J. Donaldson,RB,Ohio State,179.3170711871915,R3,LOW,172.10012247306122,7.216948714130281,0,1,,22.0
81,Peter Woods,DL,Clemson,24.78284836696364,R3,MEDIUM,41.72529248308034,-16.9424441161167,1,1,,21.0
82,J'Mari Taylor,RB,Virginia,167.02591080361597,R3,LOW,161.8089620894857,5.216948714130279,0,1,0.0,22.0
83,Noah Whittington,RB,Oregon,174.84547309139128,R3,LOW,167.62852437726102,7.216948714130281,0,1,,22.0
84,Adam Randall,RB,Clemson,176.028258212112,R3,MEDIUM,180.1513094979817,-4.123051285869721,2,1,0.0,22.0
85,Le'Veon Moss,RB,Texas A&M,182.2818762639656,R3,LOW,175.0649275498353,7.216948714130281,0,1,,22.0
86,Rahsul Faison,RB,South Carolina,201.47094454497332,R3,MEDIUM,199.67399583084307,1.796948714130279,1,1,0.0,22.0
87,Malachi Fields,WR,Notre Dame,127.1819001434878,R3,MEDIUM,121.65338995575158,5.528510187736226,1,1,8.22,22.0
88,Josiah Trotter,LB,Missouri,66.24398576635812,R3,MEDIUM,75.67879852479115,-9.434812758433022,2,1,,20.0
89,Zion Young,EDGE,Missouri,30.519139853788356,R3,HIGH,52.29219857665058,-21.773058722862224,2,1,,22.0
90,Kaytron Allen,RB,Penn State,142.542553439382,R3,MEDIUM,153.66560472525174,-11.12305128586972,2,1,,22.0
91,Joe Royer,TE,Cincinnati,146.582022003549,R3,MEDIUM,143.02765056108137,3.55437144246762,2,1,,22.0
92,Jack Endries,TE,Texas,146.76751473336046,R3,MEDIUM,155.29314329089283,-8.52562855753238,1,1,0.0,21.0
93,Lake McRee,TE,USC,157.474622899528,R3,LOW,155.0802514570604,2.3943714424676195,0,1,,22.0
94,Will Kacmarek,TE,Ohio State,164.015161538453,R3,MEDIUM,167.04079009598536,-3.0256285575323805,1,1,0.0,22.0
95,Nate Boerkircher,TE,Texas A&M,181.5326505966414,R3,MEDIUM,181.05827915417376,0.4743714424676195,1,1,0.0,22.0
96,Josh Cuevas,TE,Alabama,183.026748042459,R3,MEDIUM,182.55237659999136,0.4743714424676195,1,1,0.0,22.0
97,Max Klare,TE,Ohio State,54.7628100515124,R3,MEDIUM,62.82864920865473,-8.065839157142333,2,1,,21.0
98,Sam Roush,TE,Stanford,83.39963224303985,R3,MEDIUM,92.03666591606752,-8.637033673027698,0,1,0.0,22.0
99,Oscar Delp,TE,Georgia,59.35656137737729,R3,MEDIUM,75.31561119316827,-15.959049815790973,2,1,,22.0
100,Taurean York,LB,Texas A&M,146.44950102382407,R3,MEDIUM,148.9825245944889,-2.533023570664822,1,1,0.0,21.0
101,Owen Heinecke,LB,Oklahoma,157.31612710788067,R4-R7,LOW,154.4291506785455,2.886976429335179,0,1,0.0,21.0
102,Lander Barton,LB,Utah,158.86637681571327,R4-R7,LOW,155.9794003863781,2.886976429335179,0,1,,22.0
103,Roman Hemby,RB,Indiana,182.34245214763848,R4-R7,LOW,175.1255034335082,7.216948714130281,0,1,,22.0
104,Seth McGowan,RB,Kentucky,196.0958729049831,R4-R7,MEDIUM,196.71892419085285,-0.623051285869721,2,1,0.0,22.0
105,Luke Altmyer,QB,Illinois,150.6974005800363,R4-R7,MEDIUM,149.54063472043282,1.1567658596034835,1,1,4.427480661743751,22.0
106,Emmett Johnson,RB,Nebraska,81.31397922698898,R4-R7,MEDIUM,99.0,-17.686020773011023,1,1,0.0,21.0
107,Michael Trigg,TE,Baylor,130.89683046353656,R4-R7,LOW,144.50245902106894,-13.60562855753238,0,1,,22.0
108,Dani Dennis-Sutton,EDGE,Penn State,72.1427032404406,R4-R7,MEDIUM,111.3027032404406,-39.16,1,1,9.96,22.0
109,Chris Brazzell,WR,Tennessee,109.53351018773624,R4-R7,MEDIUM,111.0,-1.4664898122637735,1,1,0.0,21.0
110,Haynes King,QB,Georgia Tech,151.11049157246725,R4-R7,MEDIUM,151.00003899486845,0.1104525775988047,2,0,7.505253128018714,22.0
111,Chase Bisontis,IOL,Texas A&M,40.37987252264549,R4-R7,MEDIUM,60.28179964493789,-19.901927122292403,1,0,2.6412266461893794,21.0
112,Mike Washington Jr.,RB,Arkansas,74.23661660861728,R4-R7,MEDIUM,84.46392069436268,-10.227304085745418,1,1,10.0,22.0
113,Joshua Josephs,EDGE,Tennessee,76.38,R4-R7,MEDIUM,101.0,-24.62,1,1,,22.0
114,Garrett Nussmeier,QB,LSU,83.1486190940508,R4-R7,MEDIUM,95.11866401111686,-11.970044917066057,2,1,,22.0
115,Jonah Coleman,RB,Washington,84.47596497289517,R4-R7,MEDIUM,92.20633108270516,-7.730366109809983,2,1,,22.0
116,Romello Height,EDGE,Texas Tech,77.08,R4-R7,MEDIUM,101.0,-23.92,1,1,0.0,22.0
117,Riley Nowakowski,TE,Indiana,180.20978416869443,R4-R7,LOW,174.3154127262268,5.894371442467621,0,1,0.0,22.0
118,Desmond Reid,RB,Pittsburgh,193.9019374582819,R4-R7,LOW,183.18498874415164,10.71694871413028,0,1,,22.0
119,Demond Claiborne,RB,Wake Forest,205.14673884873372,R4-R7,MEDIUM,200.68979013460347,4.456948714130279,3,1,0.0,22.0
120,Taylen Green,QB,Arkansas,80.38396670113355,R4-R7,MEDIUM,89.46738084459929,-9.083414143465738,1,1,10.0,22.0
121,Bryce Lance,WR,North Dakota State,81.32434325206634,R4-R7,MEDIUM,81.0,0.3243432520663454,0,1,0.0,22.0
122,Kyle Louis,LB,Pittsburgh,154.79612957080147,R4-R7,MEDIUM,173.7491531414663,-18.953023570664826,2,1,0.0,21.0
123,R Mason Thomas,EDGE,Oklahoma,76.38,R4-R7,MEDIUM,101.0,-24.62,1,1,0.0,22.0
124,Gracen Halton,DL,Oklahoma,143.7143749332975,R4-R7,MEDIUM,152.2730627939012,-8.558687860603644,1,1,0.0,22.0
125,Cole Payton,QB,North Dakota State,115.8521014408935,R4-R7,MEDIUM,135.11287657765345,-19.260775136759957,3,0,8.110163985453754,22.0
126,Cade Klubnik,QB,Clemson,166.43842039942638,R4-R7,LOW,156.16165453982293,10.276765859603485,0,1,,22.0
127,Carson Beck,QB,Miami (FL),78.65805538086734,R4-R7,MEDIUM,87.84192992507722,-9.183874544209887,1,1,,22.0
128,Keyron Crawford,EDGE,Auburn,73.31099999999999,R4-R7,MEDIUM,95.0,-21.689,1,1,,22.0
129,Joey Aguilar,QB,Tennessee,163.17038933692183,R4-R7,LOW,154.59362347731837,8.576765859603485,0,1,,22.0
130,T.J. Parker,EDGE,Clemson,32.431400000000004,R4-R7,MEDIUM,53.0,-20.5686,1,1,0.0,21.0
131,Eli Stowers,TE,Vanderbilt,73.47773520605729,R4-R7,MEDIUM,92.26946653543622,-18.79173132937894,1,1,0.0,22.0
132,Sawyer Robertson,QB,Baylor,148.1300134101945,R4-R7,LOW,147.15804904211572,0.9719643680788136,0,0,5.41920596609868,22.0
133,Chandler Rivers,CB,Duke,102.6840364827082,R4-R7,MEDIUM,115.0,-12.315963517291795,1,1,7.677862045465493,22.0
134,Darrell Jackson Jr.,DL,Florida State,104.82131213939635,R4-R7,MEDIUM,121.0,-16.178687860603645,2,1,,22.0
135,Bud Clark,S,TCU,106.12569724424466,R4-R7,MEDIUM,126.0,-19.87430275575533,1,1,7.11628047423924,22.0
136,Jacob Rodriguez,LB,Texas Tech,101.62697642933516,R4-R7,MEDIUM,121.0,-19.37302357066482,3,1,0.0,22.0
137,Julian Neal,CB,Arkansas,148.21821835490493,R4-R7,MEDIUM,156.3692398835487,-8.151021528643716,2,0,6.538094090873166,22.0
138,Devin Moore,CB,Florida,65.55446657531891,R4-R7,MEDIUM,79.0,-13.445533424681084,2,1,6.3900498768311,22.0
139,Avieon Terrell,CB,Clemson,35.616750997037286,R4-R7,MEDIUM,50.0,-14.383249002962712,2,1,4.519642686967573,21.0
140,Davison Igbinosun,CB,Ohio State,109.25685281094448,R4-R7,MEDIUM,121.0,-11.743147189055533,1,1,5.386596732520442,22.0
141,Cashius Howell,EDGE,Texas A&M,70.81099999999999,R4-R7,MEDIUM,95.0,-24.189,1,1,0.0,22.0
142,De'Zhaun Stribling,WR,Mississippi,110.43351018773625,R4-R7,MEDIUM,111.0,-0.5664898122637734,1,1,0.0,
143,Dametrious Crownover,OT,Texas A&M,194.35192028432883,R4-R7,MEDIUM,195.5514869578106,-1.199566673481769,1,1,4.947077090221366,22.0
144,Markel Bell,OT,Miami (FL),192.50403294328976,R4-R7,MEDIUM,194.12359961677157,-1.6195666734817689,2,1,0.9519162539910102,22.0
145,Daylen Everette,CB,Georgia,59.43083507224704,R4-R7,MEDIUM,73.0,-13.569164927752947,2,1,6.8061445667254175,22.0
146,Logan Jones,IOL,Iowa,115.5,R4-R7,LOW,136.0,-20.5,0,0,2.555416126535312,22.0
147,Jalen Farmer,IOL,Kentucky,192.9389703479559,R4-R7,MEDIUM,210.5589703479559,-17.62,1,1,0.9136099450256152,21.0
148,Jake Slaughter,IOL,Florida,116.39999999999998,R4-R7,LOW,136.0,-19.6,0,1,1.6963103761753433,22.0
149,Genesis Smith,S,Arizona,152.45253918257902,R4-R7,MEDIUM,165.57800001616528,-13.125460833586269,1,1,8.120912785562995,21.0
150,Jadarian Price,RB,Notre Dame,53.79083358703252,R4-R7,MEDIUM,71.0,-17.2091664129675,1,1,0.0,21.0
151,Rayshaun Benny,DL,Michigan,125.73583956114962,R4-R7,MEDIUM,138.99452742175325,-13.258687860603644,1,1,,22.0
152,Keylan Rutledge,IOL,Georgia Tech,86.96,R4-R7,MEDIUM,116.0,-29.04,2,0,1.9196440090834208,22.0
153,Billy Schrauth,IOL,Notre Dame,126.53711687133182,R4-R7,MEDIUM,144.15711687133182,-17.62,1,1,,21.0
154,Brian Parker II,OT,Duke,172.69270193851185,R4-R7,LOW,168.47226861199363,4.220433326518233,0,1,4.98074951324766,21.0
155,Austin Barber,OT,Florida,195.98632664485012,R4-R7,MEDIUM,197.4803972533998,-1.494070608549631,1,1,6.178015740271448,22.0
156,Caleb Banks,DL,Florida,40.44636104084989,R4-R7,MEDIUM,58.0,-17.553638959150113,2,1,0.0,22.0
157,Kaleb Proctor,DL,Southeastern Louisiana,182.1734576247164,R4-R7,MEDIUM,195.45214548532007,-13.278687860603643,2,1,0.0,
158,Anthony Hill Jr.,LB,Texas,57.10023232200139,R4-R7,MEDIUM,75.0,-17.899767677998618,1,1,0.0,21.0
159,Caden Curry,EDGE,Ohio State,139.5163854091842,R4-R7,LOW,151.71638540918423,-12.2,0,1,,22.0
160,Chris McClellan,DL,Missouri,60.88383659012311,R4-R7,MEDIUM,79.0,-18.11616340987688,2,1,0.0,22.0
161,Christen Miller,DL,Georgia,87.74131213939636,R4-R7,MEDIUM,106.0,-18.258687860603644,1,1,,21.0
162,Kaleb Elarms-Orr,LB,TCU,174.9781034281848,R4-R7,MEDIUM,186.5111269988496,-11.533023570664822,1,1,0.0,22.0
163,Tacario Davis,CB,Washington,65.99253080554158,R4-R7,MEDIUM,79.0,-13.007469194458404,1,1,6.487269720391506,22.0
164,Brandon Cisse,CB,South Carolina,153.58352850600562,R4-R7,MEDIUM,159.83002651193107,-6.2464980059254245,1,1,8.585361160398413,21.0
165,Lee Hunter,DL,Texas Tech,72.9445940468507,R4-R7,MEDIUM,91.0,-18.055405953149315,1,1,0.0,22.0
166,Max Llewellyn,EDGE,Iowa,144.54419768751663,R4-R7,LOW,156.74419768751665,-12.2,0,1,0.0,22.0
167,Jude Bowry,OT,Boston College,166.9133901090426,R4-R7,MEDIUM,169.21397227614926,-2.300582167106628,2,1,7.724061974499432,21.0
168,Keyshaun Elliott,LB,Arizona State,77.62714855069503,R4-R7,MEDIUM,91.0,-13.372851449304983,0,1,0.0,22.0
169,Gabe Jacas,EDGE,Illinois,139.9690492101493,R4-R7,MEDIUM,158.00904921014933,-18.04,2,1,,22.0
170,Germie Bernard,WR,Alabama,76.43194325206636,R4-R7,MEDIUM,81.0,-4.568056747933657,2,1,0.0,22.0
171,L.T. Overton,EDGE,Alabama,150.32970339179755,R4-R7,LOW,162.52970339179757,-12.2,0,1,0.0,22.0
172,Travis Burke,OT,Memphis,185.2293801586032,R4-R7,MEDIUM,188.06894683208495,-2.839566673481768,3,1,3.9087113032341576,22.0
173,Gennings Dunker,OT,Iowa,186.9611594690385,R4-R7,LOW,179.28792207978958,7.673237389248961,0,1,5.588783749077083,22.0
174,Jake Golday,LB,Cincinnati,102.46697642933518,R4-R7,MEDIUM,121.0,-18.533023570664824,1,1,0.0,22.0
175,Caleb Tiernan,OT,Northwestern,102.38043332651824,R4-R7,MEDIUM,111.0,-8.619566673481769,2,1,8.003610317487333,22.0
176,Chris Bell,WR,Louisville,139.42906182635463,R4-R7,MEDIUM,139.19555163861844,0.2335101877362273,1,1,,22.0
177,Drew Allar,QB,Penn State,114.6567658596035,R4-R7,MEDIUM,130.0,-15.343234140396516,1,1,,22.0
178,Dontay Corleone,DL,Cincinnati,169.35331233077844,R4-R7,MEDIUM,181.0320001913821,-11.678687860603644,2,1,,22.0
179,Brenen Thompson,WR,Mississippi State,199.14346896516537,R4-R7,MEDIUM,194.0299587774292,5.113510187736226,2,1,0.0,22.0
180,Anthony Lucas,EDGE,USC,154.7864912846874,R4-R7,LOW,166.98649128468742,-12.2,0,1,,22.0
181,Zane Durant,DL,Penn State,155.60593850642672,R4-R7,MEDIUM,167.2846263670304,-11.678687860603644,2,1,0.0,22.0
182,Beau Stephens,IOL,Iowa,156.7999860607964,R4-R7,MEDIUM,174.8399860607964,-18.04,2,1,0.0,22.0
183,Isaiah World,OT,Oregon,204.472753548588,R4-R7,MEDIUM,207.71232022206976,-3.239566673481768,3,0,,22.0
184,Tim Keenan III,DL,Alabama,176.38438943487063,R4-R7,LOW,173.2230772954743,3.161312139396357,0,1,0.0,22.0
185,Ephesians Prysock,CB,Washington,161.536488906409,R4-R7,MEDIUM,169.77258550322526,-8.23609659681623,2,1,6.878394363563227,22.0
186,Michael Taaffe,S,Texas,177.95375610012434,R4-R7,MEDIUM,181.71898873731988,-3.765232637195521,2,1,6.3900498768311,22.0
187,Robert Spears-Jennings,S,Oklahoma,162.23576447907075,R4-R7,MEDIUM,166.26691707894958,-4.031152599878803,2,1,6.06367985073313,22.0
188,Aiden Fisher,LB,Indiana,174.8042183302153,R4-R7,LOW,171.91724190088013,2.886976429335179,0,1,,22.0
189,Jeff Caldwell,WR,Cincinnati,205.94710787796149,R4-R7,MEDIUM,197.4135976902253,8.533510187736224,1,1,0.0,22.0
190,Charles Demmings,CB,Stephen F. Austin,182.84109399240756,R4-R7,MEDIUM,181.6615194719881,1.1795745204194503,1,1,8.495709894620505,22.0
191,J.C. Davis,OT,Illinois,234.13327392777185,R4-R7,MEDIUM,226.3328406012536,7.800433326518231,1,1,3.614680068009988,22.0
192,Drew Shelton,OT,Penn State,224.3681149835481,R4-R7,MEDIUM,216.7754546690926,7.59266031445552,1,1,5.831092048250849,22.0
193,Jeremiah Wright,IOL,Auburn,192.79650481503532,R4-R7,MEDIUM,201.83650481503537,-9.04,2,1,,22.0
194,Jakobe Thomas,S,Miami (FL),183.3459187285388,R4-R7,MEDIUM,186.6911513657343,-3.345232637195521,1,1,,22.0
195,Marlin Klein,TE,Michigan,205.72141481031653,R4-R7,MEDIUM,205.2470433678489,0.4743714424676195,1,1,0.0,22.0
196,George Gumbs Jr.,EDGE,Florida,168.9862426833392,R4-R7,LOW,172.18624268333923,-3.2,0,1,,22.0
197,Jack Kelly,LB,BYU,180.15399326533392,R4-R7,MEDIUM,183.1070168359988,-2.953023570664822,2,1,0.0,22.0
198,Jager Burton,IOL,Kentucky,186.2627978991589,R4-R7,MEDIUM,194.8827978991589,-8.620000000000001,1,1,1.4033928642203426,22.0
199,Trey Moore,EDGE,Texas,170.2692525703169,R4-R7,MEDIUM,178.88925257031687,-8.620000000000001,1,1,0.0,22.0
200,Athan Kaliakmanis,QB,Rutgers,171.47078413332147,R4-R7,MEDIUM,173.014018273718,-1.5432341403965155,1,0,,22.0
201,Parker Brailsford,IOL,Alabama,93.20008601155546,R4-R7,MEDIUM,102.24008601155546,-9.04,2,1,3.636944951193472,21.0
202,Nick Barrett,DL,South Carolina,171.51356480270297,R4-R7,MEDIUM,173.77225266330663,-2.2586878606036445,1,1,0.0,22.0
203,Pat Coogan,IOL,Indiana,171.65920531059447,R4-R7,MEDIUM,180.6992053105945,-9.04,2,1,,22.0
204,Keagen Trost,IOL,Missouri,171.76523919316202,R4-R7,MEDIUM,180.385239193162,-8.620000000000001,1,1,2.618536044176808,22.0
205,Bobby Jamison-Travis,DL,Auburn,172.42783326651616,R4-R7,MEDIUM,175.10652112711983,-2.6786878606036444,2,1,,
206,Mason Reiger,EDGE,Wisconsin,172.77040674006358,R4-R7,MEDIUM,181.8104067400636,-9.04,2,1,0.0,22.0
207,Tanner Koziol,TE,Houston,189.86158027219503,R4-R7,MEDIUM,189.3872088297274,0.4743714424676195,1,1,0.0,22.0
208,Dominic Zvada,K,Michigan,172.8236527089432,R4-R7,LOW,172.30769230769232,0.5159604012508758,0,0,,22.0
209,Dallen Bentley,TE,Utah,193.6608737728725,R4-R7,LOW,187.76650233040485,5.894371442467621,0,1,0.0,22.0
210,Nadame Tucker,EDGE,Western Michigan,173.4113054551051,R4-R7,MEDIUM,185.25130545510507,-11.84,2,1,0.0,22.0
211,Kendrick Law,WR,Kentucky,218.95368367942908,R4-R7,MEDIUM,204.42017349169285,14.533510187736226,1,1,0.0,22.0
212,Febechi Nwaiwu,IOL,Oklahoma,173.504971536881,R4-R7,MEDIUM,182.544971536881,-9.04,2,1,0.108891113557151,22.0
213,Red Murdock,LB,Buffalo,196.3451626722062,R4-R7,LOW,194.258186242871,2.086976429335179,0,1,,22.0
214,Tomas Rimac,IOL,Virginia Tech,173.67999999999998,R4-R7,LOW,178.07999999999998,-4.4,0,0,,22.0
215,Tyreak Sapp,EDGE,Florida,174.58426454447903,R4-R7,MEDIUM,183.20426454447903,-8.620000000000001,1,1,,22.0
216,Reggie Virgil,WR,Texas Tech,195.7203477585125,R4-R7,MEDIUM,181.6068375707763,14.113510187736226,2,1,0.0,22.0
217,Wesley Williams,DL,Duke,156.00011109207344,R4-R7,MEDIUM,158.6787989526771,-2.6786878606036444,2,1,0.0,21.0
218,Josh Thompson,IOL,LSU,174.93999999999997,R4-R7,LOW,179.33999999999995,-4.4,0,0,,22.0
219,Landon Robinson,DL,Navy,185.0907401604722,R4-R7,MEDIUM,189.76942802107584,-4.678687860603643,2,0,,22.0
220,Matt Gulbin,IOL,Michigan State,175.42236867062337,R4-R7,LOW,178.6223686706234,-3.2,0,1,,22.0
221,Kaelon Black,RB,Indiana,197.67842396458013,R4-R7,MEDIUM,199.50147525044983,-1.8230512858697203,2,0,,22.0
222,Ar'maj Reed-Adams,IOL,Texas A&M,175.9487431927469,R4-R7,LOW,179.1487431927469,-3.2,0,1,0.3347973981408367,22.0
223,Jalen Huskey,CB,Maryland,193.4479585346407,R4-R7,LOW,184.37445654056611,9.073501994074578,0,1,,22.0
224,Cyrus Allen,WR,Cincinnati,183.70618009825245,R4-R7,MEDIUM,170.79266991051622,12.913510187736229,2,0,,22.0
225,Louis Moore,S,Indiana,189.4981317736892,R4-R7,MEDIUM,193.26336441088472,-3.765232637195521,2,1,,22.0
226,Vincent Anthony Jr.,EDGE,Duke,176.61172313692376,R4-R7,LOW,179.81172313692375,-3.2,0,1,0.0,22.0
227,Domani Jackson,CB,Alabama,176.71274553457908,R4-R7,LOW,167.63924354050454,9.073501994074578,0,1,7.359331679256671,22.0
228,Carver Willis,OT,Washington,227.334806245362,R4-R7,MEDIUM,219.53437291884373,7.800433326518231,1,1,4.29966010321568,22.0
229,Jaren Kump,IOL,Utah,176.82999999999998,R4-R7,LOW,181.23,-4.4,0,0,,22.0
230,Chris Adams,IOL,Memphis,177.0383327776886,R4-R7,LOW,181.0383327776886,-4.0,0,1,,22.0
231,Damonic Williams,DL,Oklahoma,177.23180865805995,R4-R7,LOW,174.07049651866362,3.161312139396357,0,1,,22.0
232,Thaddeus Dixon,CB,North Carolina,194.74037441089652,R4-R7,MEDIUM,191.086872416822,3.653501994074576,1,1,7.170086964241013,22.0
233,James Neal,IOL,Iowa State,177.45999999999998,R4-R7,LOW,181.86,-4.4,0,0,,22.0
234,Aamil Wagner,OT,Notre Dame,193.9987381600669,R4-R7,MEDIUM,186.19830483354863,7.800433326518231,1,1,4.698425594912819,21.0
235,Giovanni El-Hadi,IOL,Michigan,178.08999999999995,R4-R7,LOW,182.49,-4.4,0,0,,22.0
236,Nick Dawkins,IOL,Penn State,178.6814152822361,R4-R7,MEDIUM,188.50141528223608,-9.82,1,0,,22.0
237,Connor Tollison,IOL,Missouri,178.72,R4-R7,LOW,183.12,-4.4,0,0,,22.0
238,Kaden Wetjen,WR,Iowa,230.7808925857127,R4-R7,MEDIUM,216.24738239797648,14.533510187736226,1,1,0.0,22.0
239,Eli Heidenreich,WR,Navy,209.46750053255008,R4-R7,MEDIUM,199.23399034481383,10.233510187736227,1,1,0.0,22.0
240,Will Ferrin,K,BYU,178.8526636979542,R4-R7,LOW,178.33670329670332,0.5159604012508758,0,0,,22.0
241,Devon Marshall,CB,NC State,193.6580572468091,R4-R7,MEDIUM,191.2045552527345,2.4535019940745766,1,0,,22.0
242,Mikail Kamara,EDGE,Indiana,165.62488033084412,R4-R7,MEDIUM,175.86488033084413,-10.24,2,0,,22.0
243,Eric Gentry,LB,USC,179.12320304420803,R4-R7,LOW,182.2362266148729,-3.113023570664822,0,1,,22.0
244,Austin Leausa,IOL,BYU,179.12999999999997,R4-R7,LOW,183.53,-4.4,0,0,,21.0
245,Latrell McCutchin,CB,Houston,179.30839428609653,R4-R7,MEDIUM,178.21055794654922,1.0978363395473334,1,0,7.222662618108972,22.0
246,Caleb Douglas,WR,Texas Tech,205.2759421786744,R4-R7,MEDIUM,190.74243199093812,14.533510187736226,1,1,0.0,22.0
247,Matthew Hibner,TE,SMU,204.8964966005181,R4-R7,MEDIUM,204.42212515805048,0.4743714424676195,1,1,0.0,22.0
248,Jaydn Ott,RB,Oklahoma,201.80766602810056,R4-R7,MEDIUM,203.21071731397024,-1.4030512858697204,1,0,,22.0
249,Davion Carter,IOL,Texas Tech,179.98,R4-R7,LOW,184.38,-4.4,0,0,,22.0
250,Rene Konga,DL,Louisville,168.05428505174407,R4-R7,MEDIUM,171.51297291234772,-3.458687860603644,1,0,,22.0
251,Lorenzo Styles Jr.,CB,Ohio State,164.3682034886712,R4-R7,MEDIUM,160.71470149459665,3.653501994074576,1,1,8.331180339632898,22.0
252,Malik Benson,WR,Oregon,196.55204469666612,R4-R7,MEDIUM,182.01853450892992,14.533510187736226,1,1,0.0,22.0
253,Michael Heldman,EDGE,Central Michigan,180.42748854763207,R4-R7,MEDIUM,191.0474885476321,-10.62,1,0,,22.0
254,Andre Fuller,CB,Toledo,187.86955608466027,R4-R7,MEDIUM,185.3445475708272,2.525008513833052,1,1,6.313973920966095,22.0
255,Logan Taylor,IOL,Boston College,180.42887812124087,R4-R7,MEDIUM,191.4688781212409,-11.04,2,0,0.7423066655457751,22.0
256,Eric McAlister,WR,TCU,180.5492642506456,R4-R7,LOW,164.0957540629094,16.453510187736228,0,1,,22.0
257,Logan Fano,EDGE,Utah,142.52394344807863,R4-R7,LOW,145.72394344807867,-3.2,0,1,,21.0
258,Gavin Gerhardt,IOL,Cincinnati,180.61,UDFA,LOW,185.01,-4.4,0,0,,22.0
259,Kendal Daniels,S,Oklahoma,180.6268378539056,UDFA,MEDIUM,183.97207049110116,-3.345232637195521,1,1,,22.0
260,Collin Wright,CB,Stanford,193.55596580489367,UDFA,LOW,184.48246381081916,9.073501994074578,0,1,7.795257307347117,22.0
261,Toriano Pride,CB,Missouri,181.2263371550816,UDFA,LOW,172.3478273913387,8.878509763742912,0,1,5.779968921326658,22.0
262,D.J. Campbell,IOL,Texas,181.29482636722977,UDFA,LOW,184.4948263672298,-3.2,0,1,0.105252942701167,22.0
263,Quintayvious Hutchins,EDGE,Boston College,187.6807706159541,UDFA,LOW,192.88077061595408,-5.200000000000001,0,1,0.0,22.0
264,Diego Pavia,QB,Vanderbilt,259.03869210465774,UDFA,MEDIUM,261.80192624505423,-2.7632341403965164,2,1,,22.0
265,Ryan Eckley,P,Michigan State,181.42894432683505,UDFA,LOW,182.66666666666663,-1.2377223398316213,0,0,,21.0
266,Caden Barnett,OT,Wyoming,226.0691898193193,UDFA,MEDIUM,220.268756492801,5.800433326518233,1,0,,22.0
267,Colbie Young,WR,Georgia,197.05926812193752,UDFA,MEDIUM,182.9457579342013,14.113510187736226,2,1,,22.0
268,John Michael Gyllenborg,TE,Wyoming,233.00822406397495,UDFA,MEDIUM,231.83385262150733,1.1743714424676197,1,1,0.0,22.0
269,Joshua Padilla,IOL,Ohio State,181.65,UDFA,LOW,186.05,-4.4,0,0,,21.0
270,Skyler Gill-Howard,DL,Texas Tech,165.64057742625548,UDFA,LOW,162.47926528685915,3.161312139396357,0,1,,22.0
271,Jordan van den Berg,DL,Georgia Tech,181.7181318049148,UDFA,MEDIUM,185.59681966551847,-3.878687860603644,2,0,,22.0
272,Kam Dewberry,IOL,Alabama,181.87,UDFA,LOW,186.27,-4.4,0,0,,22.0
273,Alan Herron,IOL,Maryland,182.1567704638534,UDFA,MEDIUM,190.7767704638534,-8.620000000000001,1,1,0.0,22.0
274,Dayon Hayes,EDGE,Texas A&M,182.2480813628685,UDFA,LOW,186.6480813628685,-4.4,0,0,,22.0
275,Markee Anderson,IOL,South Carolina,182.28,UDFA,LOW,186.68,-4.4,0,0,,20.0
276,C.J. Daniels,WR,Miami (FL),207.9388487209157,UDFA,LOW,187.9853385331795,19.953510187736228,0,1,,22.0
277,Alex Harkey,OT,Oregon,237.07234643785117,UDFA,MEDIUM,229.2719131113329,7.800433326518231,1,1,,22.0
278,J.Michael Sturdivant,WR,Florida,226.4373081932149,UDFA,LOW,206.4837980054787,19.953510187736228,0,1,0.0,22.0
279,Drew Stevens,K,Iowa,182.4414511139486,UDFA,MEDIUM,187.3454907126977,-4.904039598749124,1,0,,22.0
280,David Gusta,DL,Kentucky,196.761024204272,UDFA,LOW,193.5997120648757,3.161312139396357,0,1,0.0,22.0
281,Jaybron Harvey,EDGE,North Carolina,182.49777777777777,UDFA,LOW,186.89777777777775,-4.4,0,0,,
282,Bryson Eason,DL,Tennessee,190.0312059900953,UDFA,LOW,186.86989385069896,3.161312139396357,0,1,0.0,22.0
283,Walker Parks,IOL,Clemson,182.5,UDFA,LOW,186.9,-4.4,0,0,,22.0
284,Evan Beerntsen,IOL,Northwestern,182.8157576606234,UDFA,MEDIUM,191.4357576606234,-8.620000000000001,1,1,0.641177942752698,22.0
285,Dae'Quan Wright,TE,Mississippi,193.5087665498316,UDFA,MEDIUM,194.634395107364,-1.12562855753238,1,1,,
286,Barion Brown,WR,LSU,225.1568869496261,UDFA,MEDIUM,210.62337676188992,14.533510187736226,1,1,0.0,22.0
287,Nolan Rucci,OT,Penn State,223.2629921255535,UDFA,MEDIUM,216.66255879903525,6.600433326518232,1,0,,22.0
288,Tyren Montgomery,WR,John Carroll,195.3397399320323,UDFA,MEDIUM,183.6062297442961,11.733510187736227,1,0,,
289,Zavion Thomas,WR,LSU,219.6528059351398,UDFA,MEDIUM,209.0392957474036,10.613510187736226,2,1,0.0,22.0
290,Cian Slone,EDGE,NC State,183.4377986409165,UDFA,MEDIUM,193.2577986409165,-9.82,1,0,,22.0
291,Dalton Johnson,S,Arizona,183.53883472192064,UDFA,LOW,183.6786321007521,-0.1397973788314637,0,1,5.858258966543772,22.0
292,Joe Fagnano,QB,UConn,167.15220673068956,UDFA,MEDIUM,169.21582315909765,-2.0636164284080944,1,1,5.48152915204631,22.0
293,Fernando Carmona,IOL,Arkansas,167.7472285647548,UDFA,LOW,172.94722856475482,-5.199999999999999,0,0,1.7341404346011986,22.0
294,Rocco Spindler,IOL,Nebraska,183.76,UDFA,LOW,188.16,-4.4,0,0,,22.0
295,Jalon Daniels,QB,Kansas,183.96541840211,UDFA,MEDIUM,180.8086525425065,3.1567658596034835,1,1,6.203859474462094,22.0
296,Eric O'Neill,EDGE,Rutgers,183.99107836264372,UDFA,LOW,188.39107836264373,-4.4,0,0,,22.0
297,Derion Gullette,EDGE,Mississippi State,184.02312596398892,UDFA,LOW,188.42312596398892,-4.4,0,0,,20.0
298,Jamarion Miller,RB,Alabama,211.15548125664017,UDFA,LOW,205.1385325425099,6.01694871413028,0,0,,
299,Jack Strand,QB,Minnesota State-Moorhead,184.14051180548475,UDFA,MEDIUM,183.7837459458813,0.3567658596034846,1,0,,
300,Avery Smith,CB,Toledo,206.6676213273164,UDFA,MEDIUM,206.0585021583285,0.6091191689878954,1,0,5.977531300346727,22.0
301,Julian Armella,IOL,UCLA,184.17,UDFA,LOW,188.57,-4.4,0,0,,21.0
302,DeShon Singleton,S,Nebraska,197.03166495720572,UDFA,LOW,194.95689759440128,2.0747673628044807,0,1,7.945050779020333,22.0
303,Khordae Sydnor,EDGE,Vanderbilt,184.1879512301105,UDFA,LOW,188.58795123011052,-4.4,0,0,,22.0
304,Enrique Cruz Jr.,OT,Kansas,219.1662143531933,UDFA,LOW,206.9118717464677,12.254342606725585,0,1,8.864362879170598,22.0
305,Jameial Lyons,EDGE,Penn State,184.98666666666665,UDFA,LOW,189.38666666666663,-4.4,0,0,,
306,Ka'ena Decambra,IOL,Arizona,185.02,UDFA,LOW,189.42,-4.4,0,0,,22.0
307,Eric Rivers,WR,Georgia Tech,225.78984267603568,UDFA,MEDIUM,211.25633248829945,14.533510187736226,1,1,0.0,22.0
308,Micah Morris,IOL,Georgia,163.5906570701299,UDFA,MEDIUM,172.2106570701299,-8.620000000000001,1,1,3.073144868755802,22.0
309,Brett Thorson,P,Georgia,185.42894432683505,UDFA,LOW,186.66666666666663,-1.2377223398316213,0,0,,22.0
310,Xavier Nwankpa,S,Iowa,195.47002438163085,UDFA,LOW,193.3952570188264,2.0747673628044807,0,1,6.715033951714176,22.0
311,Deven Eastern,DL,Minnesota,178.8421015856096,UDFA,LOW,175.68078944621328,3.161312139396357,0,1,0.0,22.0
312,Ethan Hurkett,EDGE,Iowa,185.4782825349156,UDFA,LOW,189.8782825349156,-4.4,0,0,,22.0
313,Cole Wisniewski,S,Texas Tech,185.59472081387037,UDFA,MEDIUM,190.5599534510659,-4.96523263719552,2,0,,22.0
314,Joshua Weru,EDGE,Kenya,185.92,UDFA,LOW,193.92,-8.0,0,0,,
315,Karson Sharar,LB,Iowa,197.0153482141947,UDFA,LOW,194.12837178485952,2.886976429335179,0,1,0.0,22.0
316,Aaron Graves,DL,Iowa,176.29510981767163,UDFA,LOW,174.3337976782753,1.961312139396356,0,0,,22.0
317,Jason Moore,DL,Ohio State,185.96376653408956,UDFA,LOW,184.0024543946932,1.961312139396356,0,0,,21.0
318,Delby Lemieux,IOL,Dartmouth,185.97,UDFA,LOW,191.97,-6.0,0,0,,22.0
319,Jack Pyburn,EDGE,LSU,163.81100162048162,UDFA,LOW,167.01100162048164,-3.2,0,1,,22.0
320,Gabriel Rubio,DL,Notre Dame,186.0861906559696,UDFA,LOW,184.12487851657323,1.961312139396356,0,0,,22.0
321,Wesley Bailey,EDGE,Louisville,186.57157080811825,UDFA,LOW,190.97157080811823,-4.4,0,0,,22.0
322,Brenan Vernon,DL,Notre Dame,186.68316951916412,UDFA,LOW,184.7218573797678,1.961312139396356,0,0,,20.0
323,Wendell Moe Jr.,IOL,Tennessee,186.69,UDFA,LOW,191.09,-4.4,0,0,,21.0
324,Harrison Wallace III,WR,Mississippi,217.88820333463872,UDFA,LOW,199.5346931469025,18.353510187736227,0,1,0.0,
325,David Blay,DL,Miami (FL),186.94659287981497,UDFA,LOW,184.98528074041863,1.961312139396356,0,0,,22.0
326,Ahmari Harvey,CB,Georgia Tech,207.39706405181084,UDFA,LOW,198.3235620577363,9.073501994074578,0,1,2.5611329297334766,22.0
327,Jeremiah Williams,EDGE,Texas A&M,168.18666666666664,UDFA,LOW,172.58666666666664,-4.4,0,0,,
328,Jaeden Roberts,IOL,Alabama,180.07030140859322,UDFA,MEDIUM,189.11030140859324,-9.04,2,1,6.744073544434782,22.0
329,Jake Retzlaff,QB,Tulane,187.2233741580428,UDFA,LOW,180.64660829843928,6.576765859603484,0,0,,21.0
330,Cameron Ball,DL,Arkansas,187.3970951912211,UDFA,LOW,184.2357830518248,3.161312139396357,0,1,0.0,22.0
331,Cole Hutson,IOL,Texas,187.54,UDFA,LOW,191.94,-4.4,0,0,,22.0
332,Max Bredeson,RB,Michigan,213.462319823522,UDFA,LOW,206.24537110939173,7.216948714130281,0,1,,22.0
333,Jeffrey M'ba,DL,SMU,187.61482991267036,UDFA,LOW,185.653517773274,1.961312139396356,0,0,,22.0
334,Xavian Sorey Jr.,LB,Arkansas,213.44753699121105,UDFA,MEDIUM,215.98056056187585,-2.533023570664822,1,1,0.0,22.0
335,Micah Pettus,OT,Florida State,226.23462687490533,UDFA,LOW,214.2141935483871,12.020433326518232,0,0,,22.0
336,Ethan Burke,EDGE,Texas,175.42809597746898,UDFA,LOW,179.828095977469,-4.4,0,0,,22.0
337,DJ Rogers,TE,TCU,187.82851522056777,UDFA,LOW,185.43414377810012,2.3943714424676195,0,1,,22.0
338,Aidan Hubbard,EDGE,Northwestern,180.05821007060982,UDFA,LOW,183.25821007060983,-3.2,0,1,,22.0
339,TJ Guy,EDGE,Michigan,188.01445613915155,UDFA,LOW,192.41445613915155,-4.4,0,0,,22.0
340,Chase Roberts,WR,BYU,219.01611886514632,UDFA,LOW,199.0626086774101,19.953510187736228,0,1,0.0,22.0
341,Kobe Baynes,IOL,Kansas,188.4304218726336,UDFA,LOW,192.8304218726336,-4.4,0,0,,22.0
342,Marvin Jones Jr.,EDGE,Oklahoma,188.4384088837458,UDFA,LOW,191.63840888374585,-3.2,0,1,0.0,22.0
343,Ceyair Wright,CB,Nebraska,203.50362288177104,UDFA,LOW,195.63012088769648,7.873501994074576,0,0,,22.0
344,Devonta Smith,CB,Notre Dame,188.99363814289032,UDFA,MEDIUM,192.82013614881572,-3.826498005925421,14,0,,22.0
345,Lewis Bond,WR,Boston College,199.03217209992025,UDFA,LOW,183.778661912184,15.253510187736229,0,0,,22.0
346,Jahiem Lawson,EDGE,Clemson,189.3422222222222,UDFA,LOW,193.7422222222222,-4.4,0,0,,21.0
347,Fa'alili Fa'amoe,OT,Wake Forest,235.88603375443572,UDFA,LOW,222.66560042791752,13.220433326518233,0,1,3.537040118024539,22.0
348,Cole Brevard,DL,Texas,179.71377677771545,UDFA,LOW,177.7524646383191,1.961312139396356,0,0,,22.0
349,Keyshawn James-Newby,EDGE,New Mexico,189.54691365042888,UDFA,MEDIUM,200.16691365042885,-10.62,1,0,,22.0
350,Robert Henry Jr.,RB,UTSA,233.80259040086577,UDFA,LOW,230.88564168673548,2.916948714130279,0,1,0.0,22.0
351,Bai Jobe,EDGE,Miami (OH),189.6047016485351,UDFA,LOW,194.8047016485351,-5.2,0,0,,20.0
352,Miller Moss,QB,Louisville,189.70148133365737,UDFA,LOW,182.3247154740539,7.376765859603484,0,0,,22.0
353,Maalik Murphy,QB,Oregon State,189.70300872218436,UDFA,LOW,182.32624286258087,7.376765859603484,0,0,,21.0
354,Patrick Payton,EDGE,LSU,163.04623886594257,UDFA,LOW,166.2462388659426,-3.2,0,1,,22.0
355,Jalen Stroman,S,Notre Dame,189.8462350193193,UDFA,MEDIUM,194.3914676565148,-4.54523263719552,1,0,,22.0
356,Emmanuel Henderson,WR,Kansas,221.84082760455115,UDFA,LOW,201.8873174168149,19.953510187736228,0,1,0.0,22.0
357,Trey Smack,K,Florida,172.8236527089432,UDFA,LOW,172.30769230769232,0.5159604012508758,0,0,,22.0
358,James Brockermeyer,IOL,Miami (FL),190.52844737093272,UDFA,MEDIUM,200.34844737093272,-9.82,1,0,,22.0
359,Nyjalik Kelly,EDGE,UCF,172.07446514935324,UDFA,MEDIUM,180.69446514935325,-8.620000000000001,1,1,0.0,22.0
360,Bernard Gooden,DL,LSU,190.5660381771356,UDFA,LOW,188.60472603773923,1.961312139396356,0,0,,22.0
361,Thomas Castellanos,QB,Florida State,190.61960540766265,UDFA,LOW,183.2428395480592,7.376765859603484,0,0,,
362,Jordan Hudson,WR,SMU,200.40479996244767,UDFA,MEDIUM,189.37128977471144,11.033510187736226,1,1,,22.0
363,Darryl Peterson III,EDGE,Wisconsin,190.70667764417445,UDFA,LOW,195.10667764417445,-4.4,0,0,,22.0
364,Chip Trayanum,RB,Toledo,198.46231215063585,UDFA,MEDIUM,199.08536343650556,-0.6230512858697193,2,0,,22.0
365,Terry Webb,DL,SMU,190.9413115393056,UDFA,LOW,188.97999939990927,1.961312139396356,0,0,,22.0
366,Nate Johnson,QB,Utah,190.98294781620797,UDFA,LOW,183.60618195660447,7.376765859603484,0,0,,21.0
367,Bram Walden,IOL,Arizona State,191.1,UDFA,LOW,195.5,-4.4,0,0,,
368,Gary Smith III,DL,UCLA,204.0703508042769,UDFA,LOW,200.90903866488057,3.161312139396357,0,1,0.0,22.0
369,Cade McConnell,IOL,Vanderbilt,191.32,UDFA,LOW,195.72,-4.4,0,0,,22.0
370,Marcus Allen,CB,North Carolina,211.1468751429768,UDFA,LOW,202.47226545511407,8.674609687862784,0,1,6.595569224847175,22.0
371,Zaylin Wood,DL,Vanderbilt,191.4387464258797,UDFA,LOW,189.47743428648337,1.961312139396356,0,0,,22.0
372,Josh Moten,CB,Southern Miss,217.16388246576057,UDFA,LOW,210.090380471686,7.073501994074577,0,0,,22.0
373,Wade Woodaz,LB,Clemson,191.48154167743076,UDFA,MEDIUM,194.4345652480956,-2.953023570664822,2,1,,22.0
374,Aaron Anderson,WR,LSU,223.1976471429426,UDFA,LOW,199.7441369552064,23.453510187736228,0,1,0.0,21.0
375,Jaden Dugger,LB,Louisiana-Lafayette,191.69170808854955,UDFA,MEDIUM,197.02473165921435,-5.333023570664821,1,0,,
376,Jayden Virgin-Morgan,EDGE,Boise State,191.72582265503004,UDFA,LOW,196.12582265503005,-4.4,0,0,,21.0
377,Bauer Sharp,TE,LSU,216.79497220282428,UDFA,MEDIUM,216.32060076035663,0.4743714424676195,1,1,0.0,22.0
378,Terrence Ferguson II,IOL,Syracuse,191.73,UDFA,LOW,196.13,-4.4,0,0,,
379,Wesley Bissainthe,LB,Miami (FL),199.9913131655796,UDFA,LOW,197.1043367362444,2.886976429335179,0,1,,22.0
380,Omar Aigbedion,IOL,Baylor,191.95,UDFA,LOW,196.35,-4.4,0,0,,22.0
381,Bryce Foster,IOL,Kansas,192.2104218726336,UDFA,LOW,196.6104218726336,-4.4,0,0,,22.0
382,Carsen Ryan,TE,BYU,202.99808965074195,UDFA,LOW,198.30371820827432,4.69437144246762,0,0,,22.0
383,James Thompson Jr.,DL,Illinois,184.79086924766253,UDFA,LOW,182.8295571082662,1.961312139396356,0,0,,22.0
384,Behren Morton,QB,Texas Tech,182.9551106799237,UDFA,MEDIUM,180.21834482032023,2.736765859603484,2,1,,22.0
385,Jamari Lyons,DL,Florida,192.71805514373497,UDFA,LOW,190.75674300433863,1.961312139396356,0,0,,21.0
386,Dasan McCullough,EDGE,Nebraska,192.76544052817337,UDFA,MEDIUM,202.58544052817336,-9.82,1,0,,22.0
387,Dillon Bell,WR,Georgia,233.42521769312836,UDFA,LOW,213.4717075053921,19.953510187736228,0,1,0.0,22.0
388,Namdi Obiazor,LB,TCU,211.04370751166127,UDFA,MEDIUM,213.5767310823261,-2.533023570664822,1,1,0.0,22.0
389,Jack Stonehouse,P,Syracuse,192.845536411164,UDFA,MEDIUM,199.92325875099564,-7.077722339831621,2,0,,22.0
390,Bryan Thomas Jr.,EDGE,South Carolina,181.5521945312092,UDFA,LOW,185.9521945312092,-4.4,0,0,,22.0
391,Clay Patterson,DL,Stanford,192.9477013874273,UDFA,LOW,190.98638924803092,1.961312139396356,0,0,,22.0
392,Zach Durfee,EDGE,Washington,174.91889781758118,UDFA,MEDIUM,184.7388978175812,-9.82,1,0,,22.0
393,Elliot Donald,DL,Pittsburgh,193.15779638483585,UDFA,LOW,191.19648424543948,1.961312139396356,0,0,,
394,Anterio Thompson,DL,Washington,176.00815189209402,UDFA,MEDIUM,179.88683975269768,-3.878687860603644,2,0,,22.0
395,Jackson Kuwatch,EDGE,Miami (OH),193.1948003791251,UDFA,MEDIUM,204.2348003791251,-11.04,2,0,,22.0
396,Tyre West,EDGE,Tennessee,182.38917379867257,UDFA,MEDIUM,192.62917379867255,-10.24,2,0,,22.0
397,Wydett Williams Jr.,S,Mississippi,223.9059835574184,UDFA,LOW,224.63121619461396,-0.7252326371955196,0,0,,
398,Garrett DiGiorgio,OT,UCLA,237.2920136352492,UDFA,LOW,224.071580308731,13.220433326518233,0,1,3.268857060688805,22.0
399,Austin Brown,S,Wisconsin,205.8890053551277,UDFA,LOW,205.01423799232325,0.8747673628044801,0,0,,22.0
400,Uar Bernard,DL,Nigeria,182.99764444313436,UDFA,MEDIUM,188.056332303738,-5.058687860603643,1,0,,
401,Popeye Williams,EDGE,Western Michigan,193.82051268074275,UDFA,LOW,199.02051268074277,-5.2,0,0,,21.0
402,Dean Connors,RB,Houston,212.26101879265795,UDFA,LOW,206.24407007852767,6.01694871413028,0,0,,22.0
403,Savion Byrd,IOL,SMU,193.84,UDFA,LOW,198.24,-4.4,0,0,,22.0
404,Vinny Anthony II,WR,Wisconsin,233.89325324401085,UDFA,LOW,210.43974305627464,23.453510187736228,0,1,0.0,22.0
405,Joshua Braun,IOL,Kentucky,205.7781032633316,UDFA,LOW,208.97810326333163,-3.2,0,1,3.715941460227719,22.0
406,Shadrach Banks,LB,UTSA,213.45919016196964,UDFA,LOW,212.57221373263445,0.8869764293351787,0,0,,
407,John Bock II,IOL,Tulane,194.0,UDFA,LOW,199.2,-5.2,0,0,,22.0
408,Mark Gronowski,QB,Iowa,194.17040684045705,UDFA,MEDIUM,192.2136409808536,1.9567658596034845,1,0,,22.0
409,Kolbey Taylor,CB,Vanderbilt,202.84022913456164,UDFA,LOW,194.96672714048708,7.873501994074576,0,0,,22.0
410,Pichon Wimbley,IOL,Georgia Southern,194.63,UDFA,LOW,199.83,-5.2,0,0,,22.0
411,Travis Shaw,DL,Texas,194.98135723470668,UDFA,LOW,193.02004509531037,1.961312139396356,0,0,,22.0
412,Jaiden Ausberry,LB,Notre Dame,195.6603097626685,UDFA,LOW,193.97333333333333,1.6869764293351786,0,0,,20.0
413,Aaron Hall,DL,Duke,195.81968610924983,UDFA,LOW,193.8583739698535,1.961312139396356,0,0,,22.0
414,J.P. Benzschawel,IOL,Wisconsin,196.36,UDFA,LOW,200.76,-4.4,0,0,,22.0
415,Jalen Logan-Redding,DL,Minnesota,196.4995451560954,UDFA,LOW,194.53823301669905,1.961312139396356,0,0,,22.0
416,Troy Bowles,LB,Michigan,196.5866255521422,UDFA,LOW,194.89964912280703,1.6869764293351786,0,0,,21.0
417,Cameron Robertson,EDGE,SMU,197.0100096796779,UDFA,LOW,201.4100096796779,-4.4,0,0,,22.0
418,James Durand,IOL,Western Illinois,197.17030451459763,UDFA,LOW,203.17030451459763,-6.0,0,0,,20.0
419,Keeshawn Silver,DL,USC,197.56048557554055,UDFA,LOW,195.59917343614424,1.961312139396356,0,0,,22.0
420,Kamryn Waites,IOL,Florida,197.62,UDFA,LOW,202.02,-4.4,0,0,,22.0
421,Romello Brinson,WR,SMU,197.64439300402773,UDFA,MEDIUM,187.8108828162915,9.833510187736229,1,0,,22.0
422,Zaire Patterson,EDGE,Clemson,197.69777777777776,UDFA,LOW,202.09777777777776,-4.4,0,0,,22.0
423,Tywone Malone,DL,Ohio State,197.92840927807995,UDFA,MEDIUM,201.3870971386836,-3.458687860603644,1,0,,22.0
424,Damon Payne,DL,Michigan,198.14192034228645,UDFA,LOW,196.1806082028901,1.961312139396356,0,0,,22.0
425,Jaylon Guilbeau,CB,Texas,198.47756699521332,UDFA,LOW,189.4040650011388,9.073501994074578,0,1,,22.0
426,Kalil Alexander,EDGE,Texas State,198.5148849944955,UDFA,LOW,202.9148849944955,-4.4,0,0,,22.0
427,Jonathan Jefferson,DL,SMU,198.59660235498507,UDFA,LOW,196.63529021558875,1.961312139396356,0,0,,22.0
428,Gilber Edmond,EDGE,South Carolina,198.67555555555552,UDFA,LOW,203.07555555555552,-4.4,0,0,,
429,Tyler Van Dyke,QB,SMU,198.82276509827875,UDFA,LOW,191.44599923867528,7.376765859603484,0,0,,22.0
430,Grayson Loftis,QB,Charlotte,198.82306962816077,UDFA,LOW,193.04630376855727,5.7767658596034845,0,0,,20.0
431,Aki Ogunbiyi,IOL,Colorado,198.88,UDFA,LOW,203.28,-4.4,0,0,,22.0
432,Liam Becher,IOL,North Dakota,198.98,UDFA,LOW,204.98,-6.0,0,0,,21.0
433,Kyron Drones,QB,Virginia Tech,199.2242912767308,UDFA,LOW,191.8475254171273,7.376765859603484,0,0,,22.0
434,West Weeks,LB,LSU,199.23250040966087,UDFA,LOW,197.5455239803257,1.6869764293351786,0,0,,22.0
435,Chad Lindberg,IOL,North Carolina,199.51,UDFA,LOW,203.91,-4.4,0,0,,22.0
436,Hunter Zambrano,IOL,Texas Tech,199.59155665568397,UDFA,LOW,203.99155665568395,-4.4,0,0,,22.0
437,Quinten Christensen,IOL,South Dakota State,199.61,UDFA,LOW,205.61,-6.0,0,0,,21.0
438,Raheem Anderson,IOL,Western Michigan,199.67,UDFA,LOW,204.87,-5.2,0,0,,22.0
439,Turner Corcoran,IOL,Nebraska,200.14,UDFA,LOW,204.54,-4.4,0,0,,22.0
440,Khurtiss Perry,DL,Jacksonville State,200.3530438920667,UDFA,LOW,199.19173175267036,1.1613121393963564,0,0,,21.0
441,Xavier Hill,IOL,Colorado,200.77,UDFA,LOW,205.17,-4.4,0,0,,22.0
442,Samuel M'Pemba,EDGE,Texas A&M,200.827009098884,UDFA,LOW,205.227009098884,-4.4,0,0,,
443,Owen McCown,QB,UTSA,200.9628869102316,UDFA,LOW,190.88612105062808,10.076765859603483,0,0,,21.0
444,Dominic Deluca,LB,Penn State,201.06805597644356,UDFA,LOW,199.3810795471084,1.6869764293351786,0,0,,22.0
445,Kaidon Salter,QB,Colorado,201.39243828441064,UDFA,LOW,194.0156724248072,7.376765859603484,0,0,,22.0
446,Jordan White,IOL,Vanderbilt,201.4,UDFA,LOW,205.8,-4.4,0,0,,22.0
447,Marcus Burris,DL,Memphis,201.6383933997612,UDFA,LOW,200.47708126036488,1.1613121393963564,0,0,,22.0
448,Josh Gesky,IOL,Illinois,201.80084822470587,UDFA,MEDIUM,212.04084822470588,-10.24,2,0,,22.0
449,Malick Sylla,EDGE,Mississippi State,201.82544159199648,UDFA,LOW,206.22544159199649,-4.4,0,0,,22.0
450,Lance Mason,TE,Wisconsin,201.9829892771253,UDFA,MEDIUM,202.70861783465767,-0.7256285575323798,1,0,,22.0
451,Luke Petitbon,IOL,Florida State,202.03,UDFA,LOW,206.43,-4.4,0,0,,22.0
452,Tyreek Chappell,CB,Texas A&M,202.0322650377166,UDFA,LOW,194.15876304364204,7.873501994074576,0,0,,22.0
453,Cade Zimmerly,IOL,Bowling Green,202.19,UDFA,LOW,207.39,-5.2,0,0,,22.0
454,Darren Agu,EDGE,New Mexico,202.38280836698036,UDFA,LOW,207.58280836698032,-5.2,0,0,,21.0
455,Ahmaad Moses,S,SMU,202.52551155418004,UDFA,LOW,200.4507441913756,2.0747673628044807,0,1,7.148167149450828,22.0
456,Shawn Murphy,LB,South Carolina,202.60242612861217,UDFA,LOW,200.915449699277,1.6869764293351786,0,0,,21.0
457,Zykeivous Walker,DL,Auburn,203.2729771122088,UDFA,LOW,201.3116649728124,1.961312139396356,0,0,,22.0
458,Keaten Wade,EDGE,Colorado,203.30478543380687,UDFA,LOW,207.70478543380688,-4.4,0,0,,22.0
459,Justice Finkley,EDGE,Kansas,203.37402649538203,UDFA,LOW,207.7740264953821,-4.4,0,0,,22.0
460,Ayden Williams,WR,Mississippi State,203.6384875712777,UDFA,MEDIUM,196.58497738354149,7.053510187736229,14,0,,21.0
461,A.J. Pena,EDGE,Rhode Island,203.72060469517825,UDFA,LOW,209.72060469517825,-6.0,0,0,,22.0
462,Eddie Kelly,DL,West Virginia,203.8538154797863,UDFA,LOW,201.89250334039,1.961312139396356,0,0,,22.0
463,Cade Denhoff,EDGE,Clemson,203.85759866400264,UDFA,LOW,208.25759866400264,-4.4,0,0,,22.0
464,Jimari Butler,EDGE,LSU,204.0685591469881,UDFA,LOW,208.46855914698807,-4.4,0,0,,22.0
465,Max Tomzcak,WR,Youngstown State,204.2195932707156,UDFA,LOW,190.5660830829794,13.653510187736227,0,0,,22.0
466,Jeadyn Lukus,CB,Clemson,204.52047234894548,UDFA,LOW,196.6469703548709,7.873501994074576,0,0,,22.0
467,Lewis Carter,LB,UCF,204.58876297142567,UDFA,LOW,202.9017865420905,1.6869764293351786,0,0,,21.0
468,Braylon James,WR,TCU,204.7707483520375,UDFA,LOW,186.0172381643013,18.753510187736225,0,0,,20.0
469,Keanu Koht,EDGE,Vanderbilt,204.81358124637637,UDFA,LOW,209.21358124637635,-4.4,0,0,,22.0
470,Dane Key,WR,Nebraska,204.9011502695984,UDFA,LOW,186.1476400818622,18.753510187736225,0,0,,22.0
471,Sabastian Harsh,DL,NC State,205.0525019130784,UDFA,LOW,203.09118977368203,1.961312139396356,0,0,,22.0
472,Tiaoalii Savea,DL,Arizona,205.09461031243976,UDFA,LOW,203.13329817304344,1.961312139396356,0,0,,22.0
473,Devean Deal,EDGE,TCU,205.15583574508037,UDFA,LOW,209.55583574508037,-4.4,0,0,,22.0
474,Dillon Wade,IOL,Auburn,205.3240577415066,UDFA,LOW,208.52405774150665,-3.2,0,1,0.5007470552829316,22.0
475,Luke Basso,LS,Oregon,205.41495457622364,UDFA,LOW,200.0,5.414954576223639,0,0,,22.0
476,Cameron Dorner,WR,North Texas,205.50685111801695,UDFA,LOW,187.55334093028077,17.953510187736228,0,0,,22.0
477,Bryce Phillips,CB,San Diego State,205.71369005411265,UDFA,LOW,197.8401880600381,7.873501994074576,0,0,,22.0
478,Will Pauling,WR,Notre Dame,205.74040453168237,UDFA,LOW,186.9868943439461,18.753510187736225,0,0,,22.0
479,Declan Williams,LB,Incarnate Word,205.76778145977283,UDFA,LOW,205.68080503043765,0.0869764293351789,0,0,,19.0
480,Kam Olds,EDGE,Kentucky,205.77212067812533,UDFA,LOW,210.1721206781253,-4.4,0,0,,22.0
481,Kelvin Gilliam,DL,Virginia Tech,206.02560886486032,UDFA,LOW,204.064296725464,1.961312139396356,0,0,,22.0
482,Caden Fordham,LB,NC State,206.10838239994217,UDFA,LOW,204.421405970607,1.6869764293351786,0,0,,22.0
483,Korey Foreman,EDGE,Fresno State,206.375694149752,UDFA,LOW,210.775694149752,-4.4,0,0,,22.0
484,Pete Nygra,IOL,Louisville,206.42973921763016,UDFA,LOW,210.82973921763016,-4.4,0,0,,22.0
485,Devan Boykin,S,Indiana,206.4974892562956,UDFA,LOW,205.62272189349116,0.8747673628044801,0,0,,22.0
486,Trebor Pena,WR,Penn State,206.56587853961508,UDFA,MEDIUM,193.23236835187885,13.333510187736229,1,0,,22.0
487,E.J. Williams,WR,Indiana,206.79646087788575,UDFA,LOW,188.04295069014955,18.753510187736225,0,0,,22.0
488,Preston Stone,QB,Northwestern,207.0763853657307,UDFA,LOW,199.6996195061272,7.376765859603484,0,0,,22.0
489,Braxton Fely,DL,Boise State,207.4334518951198,UDFA,LOW,205.47213975572345,1.961312139396356,0,0,,22.0
490,Keelan Marion,WR,Miami (FL),207.47126296930665,UDFA,LOW,188.71775278157045,18.753510187736225,0,0,,22.0
491,Maverick McIvor,QB,Western Kentucky,207.5084653280665,UDFA,LOW,200.93169946846305,6.576765859603484,0,0,,22.0
492,Jahmeer Carter,DL,Virginia,207.7248482470077,UDFA,LOW,205.7635361076114,1.961312139396356,0,0,,22.0
493,Jackie Marshall,DL,Baylor,207.80620754071157,UDFA,LOW,204.6448954013152,3.161312139396357,0,1,0.0,22.0
494,Tay Yanta II,IOL,North Texas,207.86,UDFA,LOW,213.06,-5.2,0,0,,22.0
495,Jalen Catalon,S,Missouri,207.90324320117043,UDFA,LOW,207.028475838366,0.8747673628044801,0,0,,22.0
496,Nyzier Fourqurean,CB,Wisconsin,207.90819764624845,UDFA,LOW,200.0346956521739,7.873501994074576,0,0,,22.0
497,Jalen McMurray,CB,Tennessee,208.23686611394405,UDFA,LOW,200.3633641198695,7.873501994074576,0,0,,22.0
498,Ricardo Hallman,CB,Wisconsin,208.2528463138866,UDFA,LOW,200.37934431981205,7.873501994074576,0,0,,22.0
499,Beau Gardner,LS,Georgia,208.37751114763728,UDFA,LOW,202.96255657141364,5.414954576223639,0,0,,22.0
500,Tommy Doman,P,Florida,208.468944326835,UDFA,LOW,209.70666666666665,-1.2377223398316213,0,0,,22.0
501,Makari Vickers,CB,Colorado,208.55924112450933,UDFA,LOW,200.6857391304348,7.873501994074576,0,0,,20.0
502,Ashton Grable,IOL,Florida A&M,208.65,UDFA,LOW,214.65,-6.0,0,0,,22.0
503,Dominic Bailey,EDGE,Tennessee,208.69555965658,UDFA,LOW,213.09555965658,-4.4,0,0,,22.0
504,Bryce Carter,DL,Texas State,208.92677610965484,UDFA,LOW,206.9654639702585,1.961312139396356,0,0,,22.0
505,DT Sheffield,WR,Rutgers,209.05423935167747,UDFA,LOW,190.30072916394124,18.753510187736225,0,0,,22.0
506,Calvin Simpson-Hunt,CB,Baylor,209.223675907118,UDFA,LOW,201.35017391304345,7.873501994074576,0,0,,20.0
507,Sedrick Alexander,RB,Vanderbilt,209.24703550294416,UDFA,LOW,203.23008678881388,6.01694871413028,0,0,,21.0
508,Javin Wright,LB,Nebraska,209.4488421601708,UDFA,LOW,207.76186573083564,1.6869764293351786,0,0,,22.0
509,Demon Clowney,EDGE,South Carolina,209.60764562970232,UDFA,LOW,214.00764562970232,-4.4,0,0,,22.0
510,Curtis Allen,RB,Virginia Union,209.64896414325275,UDFA,LOW,205.23201542912244,4.41694871413028,0,0,,
511,Kapena Gushiken,S,Mississippi,209.77242539466528,UDFA,MEDIUM,215.9176580318608,-6.14523263719552,1,0,,
512,Bravion Rogers,CB,Texas A&M,209.88811068972672,UDFA,LOW,202.01460869565216,7.873501994074576,0,0,,21.0
513,Clayton Smith,EDGE,Arizona State,210.0313840916464,UDFA,LOW,214.4313840916464,-4.4,0,0,,22.0
514,Brent Austin,CB,California,210.47733307404243,UDFA,LOW,202.60383107996788,7.873501994074576,0,0,,22.0
515,Dontae Balfour,CB,Texas Tech,210.5659367766833,UDFA,LOW,202.6924347826087,7.873501994074576,0,0,,22.0
516,Donaven Mcculley,WR,Michigan,210.64850204273577,UDFA,LOW,190.6949918549996,19.953510187736228,0,1,,22.0
517,Tony Grimes,CB,Purdue,210.89372009698772,UDFA,LOW,203.0202181029132,7.873501994074576,0,0,,22.0
518,Michael Wortham,WR,Montana,211.20472742590053,UDFA,LOW,194.0512172381643,17.153510187736227,0,0,,22.0
519,Jacob De Jesus,WR,California,211.54582548044948,UDFA,LOW,192.79231529271323,18.753510187736225,0,0,,22.0
520,Davin Stoffel,TE,Illinois,211.68479943539205,UDFA,LOW,206.9904279929244,4.69437144246762,0,0,,20.0
521,O'Mega Blake,WR,Arkansas,211.7297983538202,UDFA,LOW,192.976288166084,18.753510187736225,0,0,,22.0
522,Jacolby Spells,CB,West Virginia,211.8814150375528,UDFA,LOW,204.00791304347825,7.873501994074576,0,0,,
523,Blake Cotton,CB,Utah,211.91257166936333,UDFA,LOW,204.0390696752888,7.873501994074576,0,0,,22.0
524,DJ Harvey,CB,USC,212.06765553825863,UDFA,LOW,204.19415354418408,7.873501994074576,0,0,,22.0
525,Payton Zdroik,DL,Air Force,212.30838301585283,UDFA,LOW,211.14707087645647,1.1613121393963564,0,0,,22.0
526,Hank Beatty,WR,Illinois,212.3954323943347,UDFA,LOW,193.64192220659848,18.753510187736225,0,0,,22.0
527,Miles Scott,S,Illinois,212.59999442328487,UDFA,LOW,211.7252270604804,0.8747673628044801,0,0,,22.0
528,Dequan Finn,QB,Miami (OH),212.64572398771296,UDFA,LOW,206.0689581281095,6.576765859603484,0,0,,22.0
529,Dariel Djabome,LB,Rutgers,212.71095168295096,UDFA,LOW,211.0239752536158,1.6869764293351786,0,0,,22.0
530,Nick Degennaro,WR,James Madison,212.7281280582846,UDFA,LOW,194.77461787054835,17.953510187736228,0,0,,22.0
531,Rohan Jones,TE,Arkansas,212.80766117397155,UDFA,LOW,208.11328973150395,4.69437144246762,0,0,,22.0
532,Jacob Thomas,S,James Madison,212.9747161303974,UDFA,MEDIUM,218.7399487675929,-5.765232637195519,2,0,,22.0
533,Van Wells,IOL,Oregon State,213.04590640648885,UDFA,LOW,217.4459064064889,-4.4,0,0,,22.0
534,Jaden Keller,LB,Virginia Tech,213.14520455017012,UDFA,LOW,211.45822812083497,1.6869764293351786,0,0,,22.0
535,Al'zillion Hamilton,CB,Fresno State,213.2203481982229,UDFA,LOW,205.3468462041484,7.873501994074576,0,0,,22.0
536,Fred Davis II,CB,Northwestern,213.3686471721954,UDFA,LOW,205.49514517812085,7.873501994074576,0,0,,22.0
537,Khalil Dinkins,TE,Penn State,213.5578693607522,UDFA,MEDIUM,216.58349791828456,-3.0256285575323805,1,1,0.0,22.0
538,Daniel Sobkowicz,WR,Illinois State,213.69410896531832,UDFA,LOW,196.5405987775821,17.153510187736227,0,0,,22.0
539,Deshaun Lee,CB,Iowa,213.8747193853789,UDFA,LOW,206.00121739130435,7.873501994074576,0,0,,21.0
540,TJ Quinn,S,Louisville,214.0391052232173,UDFA,MEDIUM,218.5843378604128,-4.54523263719552,1,0,,22.0
541,Kansei Matsuzawa,K,Hawaii,214.19771864300915,UDFA,LOW,214.48175824175823,-0.284039598749124,0,0,,22.0
542,Jerry Wilson,CB,Florida State,214.5391541679876,UDFA,LOW,206.66565217391303,7.873501994074576,0,0,,
543,Ryan Niblett,WR,Texas,214.5471022015545,UDFA,LOW,195.79359201381828,18.753510187736225,0,0,,20.0
544,Tobias Merriweather,WR,Utah,214.55181073417427,UDFA,LOW,195.79830054643804,18.753510187736225,0,0,,21.0
545,Dan Villari,TE,Syracuse,214.6544518490706,UDFA,MEDIUM,219.30008040660297,-4.64562855753238,2,0,,22.0
546,Zion Branch,S,Georgia,214.8578442858814,UDFA,LOW,213.9830769230769,0.8747673628044801,0,0,,21.0
547,Nathan Leacock,WR,North Carolina,214.9358491429213,UDFA,LOW,196.18233895518512,18.753510187736225,0,0,,20.0
548,Ben Bell,EDGE,Virginia Tech,215.15016193359065,UDFA,LOW,219.55016193359063,-4.4,0,0,,22.0
549,Seydou Traore,TE,Mississippi State,215.9459780902827,UDFA,LOW,211.25160664781504,4.69437144246762,0,0,,22.0
550,Tanner Wall,S,BYU,216.13046221719236,UDFA,LOW,215.25569485438783,0.8747673628044801,0,0,,22.0
551,Raymond Cottrell,WR,West Alabama,216.1665009678046,UDFA,LOW,199.0129907800684,17.153510187736227,0,0,,
552,Omari Evans,WR,Washington,216.18607904249103,UDFA,LOW,197.4325688547548,18.753510187736225,0,0,,22.0
553,Prince Kollie,LB,Vanderbilt,216.28407079682887,UDFA,LOW,214.5970943674937,1.6869764293351786,0,0,,22.0
554,Rashad Battle,CB,Pittsburgh,216.31711470644012,UDFA,LOW,208.4436127123656,7.873501994074576,0,0,,22.0
555,Karon Prunty,CB,Wake Forest,216.5325077658143,UDFA,MEDIUM,214.07900577173973,2.4535019940745766,1,0,,22.0
556,Noah Thomas,WR,Georgia,216.64501712672728,UDFA,LOW,197.89150693899103,18.753510187736225,0,0,,22.0
557,Isaiah Nwokobia,S,SMU,216.9395331335573,UDFA,LOW,216.06476577075284,0.8747673628044801,0,0,,22.0
558,Rodney Shelley,CB,Georgia Tech,217.194219938844,UDFA,LOW,209.32071794476943,7.873501994074576,0,0,,22.0
559,Ja'Varrius Johnson,WR,UCF,217.21765604912648,UDFA,LOW,198.46414586139025,18.753510187736225,0,0,,
560,Bryan McCoy,LB,Oklahoma State,217.28396077364744,UDFA,LOW,215.59698434431223,1.6869764293351786,0,0,,22.0
561,Roy Williams,EDGE,Northern Illinois,217.3896734529181,UDFA,LOW,222.58967345291808,-5.2,0,0,,22.0
562,Maurice Westmoreland,EDGE,Tulane,217.6300846626812,UDFA,LOW,222.8300846626812,-5.2,0,0,,
563,Reid Carrico,LB,West Virginia,217.84412222216457,UDFA,LOW,216.1571457928294,1.6869764293351786,0,0,,22.0
564,Jalil Farooq,WR,Maryland,217.8737512889952,UDFA,LOW,199.12024110125896,18.753510187736225,0,0,,22.0
565,Skyler Thomas,S,Oregon State,218.0647058444173,UDFA,MEDIUM,222.6099384816128,-4.54523263719552,1,0,,22.0
566,Dylan Rosiek,LB,Illinois,218.28562924467133,UDFA,LOW,216.59865281533612,1.6869764293351786,0,0,,22.0
567,Jaylon Braxton,CB,Mississippi,218.29480634190065,UDFA,LOW,212.0213043478261,6.273501994074577,0,0,,
568,Ethan Calvert,LB,Cal Poly,218.39715186793168,UDFA,LOW,218.3101754385965,0.0869764293351789,0,0,,22.0
569,Ty Thompson,TE,Tulane,219.1134638794424,UDFA,LOW,215.21909243697476,3.89437144246762,0,0,,22.0
570,Jalen Walthall,WR,Incarnate Word,219.12631960555385,UDFA,LOW,197.27280941781763,21.853510187736227,0,1,0.0,20.0
571,Erick Hunter,LB,Morgan State,219.6225662985256,UDFA,LOW,219.5355898691904,0.0869764293351789,0,0,,22.0
572,Preston Hodge,CB,Colorado,219.76305362229817,UDFA,LOW,211.8895516282236,7.873501994074576,0,0,,22.0
573,Tanner Arkin,TE,Illinois,219.97282347844293,UDFA,LOW,215.2784520359753,4.69437144246762,0,0,,22.0
574,Kyion Grayes,WR,California,220.1428194784736,UDFA,LOW,197.88930929073737,22.25351018773623,0,0,,20.0
575,Antonio Gates Jr.,WR,Delaware State,220.14951143087308,UDFA,LOW,202.99600124313685,17.153510187736227,0,0,,
576,Squirrel White,WR,Florida State,220.4357588744795,UDFA,LOW,201.6822486867433,18.753510187736225,0,0,,22.0
577,Ja'Mori Maclin,WR,Kentucky,220.7197797412429,UDFA,LOW,201.9662695535067,18.753510187736225,0,0,,22.0
578,Cash Jones,RB,Georgia,220.80468445346568,UDFA,MEDIUM,220.2077357393354,0.5969487141302796,1,0,,22.0
579,Jack Velling,TE,Michigan State,220.8988237500708,UDFA,LOW,212.7044523076032,8.19437144246762,0,0,,22.0
580,Raesjon Davis,LB,Oregon State,220.93328577643908,UDFA,LOW,219.2463093471039,1.6869764293351786,0,0,,22.0
581,Jaren Kanak,TE,Oklahoma,220.9612056708533,UDFA,MEDIUM,220.48683422838567,0.4743714424676195,1,1,0.0,22.0
582,Trevion Cooley,RB,Troy,221.1124164094051,UDFA,LOW,215.8954676952748,5.21694871413028,0,0,,
583,Tyler Perkins,P,Iowa State,221.26894432683503,UDFA,LOW,222.50666666666663,-1.2377223398316213,0,0,,22.0
584,Reggie Grimes,EDGE,Memphis,221.30054775937876,UDFA,LOW,226.50054775937872,-5.2,0,0,,22.0
585,Kaleb Brown,WR,UAB,221.36465969477268,UDFA,LOW,203.41114950703644,17.953510187736228,0,0,,21.0
586,Keli Lawson,LB,UCF,221.6706935454385,UDFA,LOW,219.9837171161033,1.6869764293351786,0,0,,22.0
587,Jeff Sims,QB,Arizona State,221.6950684094144,UDFA,LOW,214.3183025498109,7.376765859603484,0,0,,22.0
588,Tamarion Crumpley,CB,UAB,222.2859633588035,UDFA,LOW,215.2124613647289,7.073501994074577,0,0,,22.0
589,Jamal Haynes,RB,Georgia Tech,222.37339841719825,UDFA,LOW,216.356449703068,6.01694871413028,0,0,,22.0
590,Kobe Prentice,WR,Baylor,222.4727692256532,UDFA,LOW,203.71925903791697,18.753510187736225,0,0,,22.0
591,Tyler Duzansky,LS,Penn State,222.576990454897,UDFA,LOW,217.16203587867335,5.414954576223639,0,0,,22.0
592,Jalen Jones,CB,William & Mary,222.8059963274252,UDFA,LOW,216.53249433335063,6.273501994074577,0,0,,22.0
593,Justus Ross-Simmons,WR,Syracuse,222.95397490117955,UDFA,LOW,207.70046471344327,15.253510187736229,0,0,,22.0
594,Rara Thomas,WR,Troy,223.03576584631,UDFA,LOW,205.08225565857373,17.953510187736228,0,0,,22.0
595,Byron Cardwell,RB,San Diego State,223.13335522329623,UDFA,LOW,217.116406509166,6.01694871413028,0,0,,22.0
596,Terion Stewart,RB,Virginia Tech,223.31275406261585,UDFA,LOW,217.29580534848557,6.01694871413028,0,0,,22.0
597,Jayden Ballard,WR,Wisconsin,223.39984887899476,UDFA,LOW,204.6463386912585,18.753510187736225,0,0,,22.0
598,Sean Brown,LB,NC State,224.03434762403305,UDFA,LOW,222.34737119469784,1.6869764293351786,0,0,,22.0
599,Holden Staes,TE,Indiana,224.05795596391465,UDFA,LOW,219.36358452144705,4.69437144246762,0,0,,22.0
600,C.J. Williams,WR,Stanford,224.3127365117549,UDFA,LOW,205.55922632401868,18.753510187736225,0,0,,22.0
601,Jarod Washington,CB,South Carolina State,224.36713706362173,UDFA,MEDIUM,223.9336350695472,0.433501994074577,2,0,,22.0
602,Nick Andersen,S,Wake Forest,224.5309746257718,UDFA,LOW,223.6562072629673,0.8747673628044801,0,0,,22.0
603,Kejon Owens,RB,Florida International,224.76180975383107,UDFA,LOW,219.5448610397008,5.21694871413028,0,0,,22.0
604,Devin Voisin,WR,South Alabama,225.09572550961244,UDFA,LOW,207.1422153218762,17.953510187736228,0,0,,22.0
605,Leon Lowery Jr.,LB,Illinois,225.2402585203384,UDFA,LOW,223.5532820910032,1.6869764293351786,0,0,,22.0
606,Gunner Maldonado,S,Kansas State,225.29201281608175,UDFA,LOW,224.4172454532773,0.8747673628044801,0,0,,22.0
607,Daylan Carnell,S,Missouri,225.5998561202009,UDFA,LOW,224.7250887573965,0.8747673628044801,0,0,,22.0
608,Jordan Pollard,LB,San Jose State,225.74070211924564,UDFA,LOW,224.85372568991045,0.8869764293351787,0,0,,22.0
609,Diego Pounds,OT,Mississippi,225.7915367546825,UDFA,LOW,214.17110342816432,11.620433326518231,0,1,4.965881960316722,
610,Jaylon Glover,RB,UNLV,226.13094067914045,UDFA,LOW,220.91399196501013,5.21694871413028,0,0,,20.0
611,A'Marion McCoy,CB,Boise State,226.4247307314949,UDFA,LOW,218.5512287374204,7.873501994074576,0,0,,22.0
612,Ben Coleman,IOL,Arizona State,226.81780270947328,UDFA,LOW,231.2178027094733,-4.4,0,0,,22.0
613,Nyland Green,CB,Arizona State,227.1912586446645,UDFA,LOW,219.31775665058996,7.873501994074576,0,0,,22.0
614,Stefon Thompson,LB,Florida State,227.293825003518,UDFA,LOW,225.60684857418283,1.6869764293351786,0,0,,22.0
615,Bangally Kamara,LB,Kansas,227.2953662798473,UDFA,LOW,225.60838985051208,1.6869764293351786,0,0,,22.0
616,Cam Miller,CB,Rutgers,227.3068812330999,UDFA,LOW,218.2333792390253,9.073501994074578,0,1,0.0,22.0
617,Sage Ryan,S,Mississippi,227.50518156398792,UDFA,LOW,228.23041420118344,-0.7252326371955196,0,0,,
618,TreVonte Citizen,RB,McNeese State,228.00480976435972,UDFA,LOW,227.08786105022944,0.91694871413028,0,0,,20.0
619,Sieh Bangura,RB,Ohio,228.1763941641634,UDFA,LOW,222.95944545003312,5.21694871413028,0,0,,22.0
620,Andrew Paul,RB,Jacksonville State,228.196099029972,UDFA,LOW,222.9791503158417,5.21694871413028,0,0,,21.0
621,Drew Pyne,QB,Bowling Green,228.21245720795855,UDFA,LOW,221.6356913483551,6.576765859603484,0,0,,22.0
622,Dacari Collins,WR,Louisville,228.2344761210364,UDFA,LOW,209.48096593330013,18.753510187736225,0,0,,22.0
623,Jameson Geers,TE,Minnesota,228.24267694839,UDFA,LOW,220.04830550592237,8.19437144246762,0,0,,22.0
624,Josh Kattus,TE,Kentucky,228.323151377894,UDFA,LOW,223.6287799354264,4.69437144246762,0,0,,22.0
625,Barika Kpeenu,RB,North Dakota State,228.37107338616323,UDFA,LOW,229.1541246720329,-0.7830512858697194,0,0,,
626,Caullin Lacy,WR,Louisville,228.52007520991955,UDFA,LOW,212.0665650221833,16.453510187736228,0,1,0.0,22.0
627,Malik McClain,WR,Arizona State,229.18839190043516,UDFA,LOW,210.4348817126989,18.753510187736225,0,0,,22.0
628,Myles Rowser,S,Arizona State,229.5471055351324,UDFA,LOW,228.67233817232795,0.8747673628044801,0,0,,22.0
629,R.J. Maryland,TE,SMU,229.58597723377665,UDFA,LOW,220.191605791309,9.39437144246762,0,1,0.0,22.0
630,Jerand Bradley,WR,Kansas State,229.59354738145595,UDFA,MEDIUM,216.2600371937197,13.333510187736229,1,0,,22.0
631,Kentrel Bullock,RB,South Alabama,229.6020217952984,UDFA,LOW,224.3850730811681,5.21694871413028,0,0,,22.0
632,Gavin Gibson,CB,North Carolina,229.73993067882049,UDFA,LOW,221.8664286847459,7.873501994074576,0,0,,22.0
633,Jordan Favors,S,Appalachian State,229.75251884209445,UDFA,LOW,230.47775147929,-0.7252326371955196,0,0,,
634,Kevorian Barnes,RB,TCU,229.85680477022115,UDFA,LOW,223.83985605609087,6.01694871413028,0,0,,22.0
635,Jason Henderson,LB,Old Dominion,229.9838161045368,UDFA,LOW,229.0968396752016,0.8869764293351787,0,0,,22.0
636,JoJo Earle,WR,UNLV,230.3080660419448,UDFA,LOW,212.3545558542085,17.953510187736228,0,0,,22.0
637,Chamon Metayer,TE,Arizona State,230.3983195830505,UDFA,LOW,225.7039481405829,4.69437144246762,0,0,,22.0
638,Jaylin Davies,CB,Oklahoma State,230.41410201412404,UDFA,LOW,222.54060002004948,7.873501994074576,0,0,,22.0
639,Stephen Dix Jr.,LB,Arkansas,230.4317976340875,UDFA,LOW,228.74482120475236,1.6869764293351786,0,0,,22.0
640,Braylin Presley,WR,Tulsa,230.86763733834368,UDFA,LOW,216.41412715060744,14.453510187736228,0,0,,22.0
641,Amari Niblack,TE,Texas A&M,231.03916105858903,UDFA,LOW,226.34478961612143,4.69437144246762,0,0,,22.0
642,Christian Jones,OT,San Diego State,231.46043332651823,UDFA,LOW,219.44,12.020433326518232,0,0,,22.0
643,Denver Harris,CB,UNLV,231.47543955312105,UDFA,LOW,224.40193755904647,7.073501994074577,0,0,,22.0
644,D.Q. Smith,S,South Carolina,231.5900304260031,UDFA,LOW,230.71526306319865,0.8747673628044801,0,0,,
645,Logan Diggs,RB,Mississippi,231.86690049812256,UDFA,LOW,227.44995178399228,4.41694871413028,0,0,,
646,Eli Blakey,S,Miami (OH),231.89967196225723,UDFA,LOW,231.82490459945276,0.0747673628044802,0,0,,22.0
647,Jeremiah Earby,CB,Boise State,231.97032504884595,UDFA,LOW,224.0968230547714,7.873501994074576,0,0,,22.0
648,Cade McNamara,QB,East Tennessee State,232.13374068264324,UDFA,LOW,226.35697482303976,5.7767658596034845,0,0,,22.0
649,Joseph Manjack IV,WR,TCU,232.16874606040813,UDFA,LOW,213.41523587267196,18.753510187736225,0,0,,22.0
650,Tristan Leigh,OT,Clemson,232.76694359106187,UDFA,MEDIUM,226.58651026454365,6.180433326518232,2,0,,22.0
651,Zach Calzada,QB,Kentucky,232.8816769178476,UDFA,LOW,225.50491105824412,7.376765859603484,0,0,,22.0
652,Nate Rutchena,TE,UC Davis,233.24004140271936,UDFA,LOW,230.14566996025167,3.0943714424676205,0,0,,22.0
653,J.Q. Hardaway,CB,Kentucky,233.25484794083343,UDFA,LOW,225.38134594675887,7.873501994074576,0,0,,
654,Ethan Onianwa,OT,Ohio State,233.55465896329963,UDFA,MEDIUM,227.3742256367814,6.180433326518232,2,0,,22.0
655,Jayden Thomas,WR,Virginia,233.8399945873733,UDFA,LOW,215.08648439963707,18.753510187736225,0,0,,22.0
656,Malcolm Greene,S,UMass,234.24719339830745,UDFA,LOW,234.97242603550296,-0.7252326371955196,0,0,,
657,Andrel Anthony,WR,Duke,234.30764325428143,UDFA,LOW,215.5541330665452,18.753510187736225,0,0,,22.0
658,Donavon Greene,WR,Virginia Tech,234.3211432172144,UDFA,LOW,215.56763302947817,18.753510187736225,0,0,,22.0
659,Alex Wollschlaeger,OT,Kentucky,234.595917197486,UDFA,LOW,222.57548387096773,12.020433326518232,0,0,,22.0
660,Malik Spencer,S,Michigan State,234.7229001520019,UDFA,MEDIUM,239.68813278919745,-4.96523263719552,2,0,,22.0
661,Deion Colzie,WR,Miami (OH),235.03711418972568,UDFA,LOW,217.0836040019894,17.953510187736228,0,0,,22.0
662,Xavion Alford,S,Arizona State,235.2494309573645,UDFA,LOW,234.37466359456,0.8747673628044801,0,0,,22.0
663,Rocco Underwood,LS,Florida,235.51603049616875,UDFA,LOW,230.10107591994512,5.414954576223639,0,0,,22.0
664,Trevonte Sylvester,OT,Louisville,235.64107848780856,UDFA,LOW,223.62064516129035,12.020433326518232,0,0,,22.0
665,Kyron Ware-Hudson,WR,Penn State,235.71708832883252,UDFA,LOW,216.96357814109632,18.753510187736225,0,0,,
666,Devin Neal,S,Virginia,235.9373564955036,UDFA,LOW,235.06258913269917,0.8747673628044801,0,0,,22.0
667,Garrison Grimes,LS,BYU,236.1692402905093,UDFA,LOW,230.7542857142857,5.414954576223639,0,0,,22.0
668,Shyheim Brown,S,Florida State,236.4327021419153,UDFA,LOW,235.55793477911084,0.8747673628044801,0,0,,22.0
669,Tyree Skipper,S,Louisiana-Lafayette,236.49453067641397,UDFA,LOW,237.21976331360943,-0.7252326371955196,0,0,,
670,Matthew Sluka,QB,James Madison,236.81381353576148,UDFA,LOW,230.237047676158,6.576765859603484,0,0,,22.0
671,Antonio Clary,S,Virginia,237.22963252838,UDFA,LOW,236.35486516557555,0.8747673628044801,0,0,,22.0
672,Jakari Foster,S,Louisiana Tech,237.2729170917906,UDFA,LOW,237.1981497289861,0.0747673628044802,0,0,,22.0
673,Key Lawrence,CB,UCLA,237.6404843988772,UDFA,LOW,229.7669824048026,7.873501994074576,0,0,,22.0
674,Richard Reese,RB,Stephen F. Austin,237.95981873211093,UDFA,LOW,233.54287001798065,4.41694871413028,0,0,,22.0
675,Jared Brown,WR,South Carolina,238.2212665197828,UDFA,LOW,215.96775633204652,22.25351018773623,0,0,,22.0
676,Miles Kitselman,TE,Tennessee,238.2482496467653,UDFA,MEDIUM,237.7738782042977,0.4743714424676195,1,1,0.0,22.0
677,Savion Red,RB,Sacramento State,238.75646559857944,UDFA,LOW,233.53951688444917,5.21694871413028,0,0,,22.0
678,Darian Chestnut,CB,Syracuse,239.84073840067632,UDFA,LOW,231.96723640660176,7.873501994074576,0,0,,
679,D.J. Graham,CB,Kansas,240.1932031810009,UDFA,LOW,232.3197011869264,7.873501994074576,0,0,,
680,Avante Dickerson,CB,Arkansas State,240.3342914962008,UDFA,LOW,233.26078950212624,7.073501994074577,0,0,,22.0
681,Rasheed Miller,OT,Louisville,240.86688493942145,UDFA,LOW,228.8464516129032,12.020433326518232,0,0,,22.0
682,David Daniel-Sisavanh,S,Troy,240.90450543910364,UDFA,LOW,240.82973807629915,0.0747673628044802,0,0,,22.0
683,Damarius McGhee,CB,Florida Atlantic,241.8485837081581,UDFA,LOW,234.7750817140835,7.073501994074577,0,0,,22.0
684,Derek Simmons,OT,Oklahoma,241.912046229744,UDFA,LOW,229.8916129032258,12.020433326518232,0,0,,22.0
685,Isaiah Jatta,OT,BYU,242.95720752006665,UDFA,LOW,230.9367741935484,12.020433326518232,0,0,,22.0
686,P.J. Williams,OT,SMU,243.13785268135692,UDFA,LOW,231.11741935483872,12.020433326518232,0,0,,21.0
687,Will Shaffer,LB,Abilene Christian,243.44353275979856,UDFA,LOW,243.35655633046335,0.0869764293351789,0,0,,22.0
688,Jalen Berger,RB,UCLA,243.6255972169029,UDFA,LOW,241.1086485027726,2.5169487141302795,0,0,,22.0
689,L.J. Johnson Jr.,RB,California,243.7181663425272,UDFA,LOW,237.70121762839688,6.01694871413028,0,0,,22.0
690,Bakyne Coly,OT,Purdue,244.0023688103892,UDFA,LOW,231.98193548387096,12.020433326518232,0,0,,22.0
691,Christian Leary,WR,Western Michigan,244.12040661079328,UDFA,LOW,226.16689642305704,17.953510187736228,0,0,,22.0
692,Joe Cooper,OT,Slippery Rock,244.1314010684537,UDFA,LOW,233.71096774193543,10.420433326518232,0,0,,
693,Shamurad Umarov,OT,Tennessee,244.18301397167951,UDFA,LOW,232.16258064516128,12.020433326518232,0,0,,20.0
694,Reuben Unije,OT,UCLA,245.04753010071173,UDFA,LOW,233.02709677419352,12.020433326518232,0,0,,22.0
695,Bruno Onwuazor,OT,Virginia State,245.1765623587763,UDFA,LOW,234.7561290322581,10.420433326518232,0,0,,
696,Calvin Clements,OT,Kansas,245.22817526200208,UDFA,LOW,233.20774193548385,12.020433326518232,0,0,,20.0
697,Gavin Ortega,OT,Weber State,245.42398779436436,UDFA,MEDIUM,240.8435544678461,4.580433326518232,2,0,,22.0
698,Izavion Miller,OT,Auburn,246.09269139103435,UDFA,LOW,234.0722580645161,12.020433326518232,0,0,,22.0
699,Collin Sadler,OT,Clemson,247.31849784264725,UDFA,LOW,235.29806451612905,12.020433326518232,0,0,,21.0
700,Alton McCaskill IV,RB,Sam Houston State,247.4710432268733,UDFA,LOW,241.45409451274296,6.01694871413028,0,0,,
701,E.J. Smith,RB,Texas A&M,248.45771116257933,UDFA,LOW,242.44076244844905,6.01694871413028,0,0,,
702,Roydell Williams,RB,Florida State,249.379915297038,UDFA,LOW,243.3629665829077,6.01694871413028,0,0,,22.0
703,Riley Mahlman,OT,Wisconsin,250.2575341428773,UDFA,LOW,238.2371008163591,12.020433326518232,0,0,,22.0
704,Isheem Young,S,Memphis,250.39378225612705,UDFA,LOW,250.31901489332253,0.0747673628044802,0,0,,22.0
705,Armoni Goodwin,RB,UT Martin,250.51656111801293,UDFA,LOW,246.09961240388265,4.41694871413028,0,0,,22.0
706,Cam Porter,RB,Northwestern,250.85937205080077,UDFA,MEDIUM,250.68242333667047,0.1769487141302796,2,0,,22.0
707,Kadarius Calloway,RB,New Mexico State,251.3168031553116,UDFA,LOW,246.0998544411813,5.21694871413028,0,0,,22.0
708,Dayne Shor,OT,Akron,251.4733365523247,UDFA,LOW,240.25290322580645,11.220433326518233,0,0,,21.0
709,Chris Hilton,WR,LSU,252.19304353622596,UDFA,MEDIUM,234.1595333484897,18.033510187736223,1,1,0.0,22.0
710,Zen Michalski,OT,Indiana,254.453981713615,UDFA,LOW,242.4335483870968,12.020433326518232,0,0,,22.0
711,Jaffer Murphy,K,UTSA,254.5881852059234,UDFA,LOW,254.8722248046725,-0.284039598749124,0,0,,22.0
712,Jayden Williams,OT,Mississippi,254.79037166584595,UDFA,MEDIUM,249.7899383393277,5.000433326518232,1,0,,
713,Teddy Prochazka,OT,Nebraska,255.4991430039376,UDFA,LOW,243.47870967741932,12.020433326518232,0,0,,22.0
714,Dominic Richardson,RB,Tulsa,255.6407132422572,UDFA,LOW,250.42376452812687,5.21694871413028,0,0,,22.0
715,Reuben Fatheree II,OT,Texas A&M,256.54430429426014,UDFA,LOW,244.5238709677419,12.020433326518232,0,0,,22.0
716,Tosh Baker,OT,Notre Dame,256.7249494555505,UDFA,LOW,244.70451612903224,12.020433326518232,0,0,,
717,Mason Murphy,OT,Auburn,257.58946558458274,UDFA,LOW,245.5690322580645,12.020433326518232,0,0,,22.0
718,Dorion Strawn,OT,Texas State,258.63462687490534,UDFA,LOW,246.6141935483871,12.020433326518232,0,0,,22.0
719,Kyron Barnes,OT,Nicholls,258.76365913296985,UDFA,LOW,248.3432258064516,10.420433326518232,0,0,,
720,Bert Auburn,K,Miami (FL),259.0460702913608,UDFA,LOW,258.5301098901099,0.5159604012508758,0,0,,22.0
721,Desmeal Leigh,OT,Youngstown State,259.8088204232924,UDFA,LOW,249.38838709677415,10.420433326518232,0,0,,21.0
722,Courtland Ford,OT,UCLA,261.77011074587307,UDFA,LOW,249.74967741935484,12.020433326518232,0,0,,22.0
723,Matthew Bedford,OT,Oregon,262.8152720361956,UDFA,LOW,250.7948387096774,12.020433326518232,0,0,,22.0
724,Ryan Mosesso,OT,UMass,266.07978816522785,UDFA,LOW,255.65935483870965,10.420433326518232,0,0,,
725,Ross James,P,Oregon,274.06894432683504,UDFA,LOW,275.3066666666666,-1.2377223398316213,0,0,,22.0
726,Lance St. Louis,LS,Texas,287.99781171908074,UDFA,LOW,282.5828571428571,5.414954576223639,0,0,,22.0
727,Jackson Lee,LS,Florida Atlantic,305.0263831476521,UDFA,LOW,300.41142857142853,4.61495457622364,0,0,,22.0
